"","entities","entities_id"
"1","CID_16129704",0
"2","CID_5311128",1
"3","CID_25074887",2
"4","CID_14257662",3
"5","CID_54687",4
"6","CID_3404",5
"7","CID_60846",6
"8","CID_5362129",7
"9","CID_71398",8
"10","CID_82153",9
"11","CID_2284",10
"12","CID_9853654",11
"13","CID_89594",12
"14","CID_25137844",13
"15","CID_3958",14
"16","CID_59768",15
"17","CID_387447",16
"18","CID_34359",17
"19","CID_52195",18
"20","CID_33741",19
"21","CID_21704",20
"22","CID_2369",21
"23","CID_3365",22
"24","CID_65028",23
"25","CID_70678542",24
"26","CID_2519",25
"27","CID_5314",26
"28","CID_5212",27
"29","CID_71329",28
"30","CID_5770",29
"31","CID_5472",30
"32","CID_5284632",31
"33","CID_60164",32
"34","CID_4195",33
"35","CID_6324659",34
"36","CID_4679",35
"37","CID_41781",36
"38","CID_2771",37
"39","CID_77993",38
"40","CID_2368",39
"41","CID_152946",40
"42","CID_5749",41
"43","CID_64143",42
"44","CID_3762",43
"45","CID_3476",44
"46","CID_71415",45
"47","CID_38521",46
"48","CID_53232",47
"49","CID_43708",48
"50","CID_5391",49
"51","CID_4121",50
"52","CID_4649",51
"53","CID_127151",52
"54","CID_4197",53
"55","CID_4463",54
"56","CID_5353853",55
"57","CID_5311000",56
"58","CID_20279",57
"59","CID_56959",58
"60","CID_4075",59
"61","CID_1201549",60
"62","CID_60854",61
"63","CID_6540428",62
"64","CID_54746",63
"65","CID_5905",64
"66","CID_2955",65
"67","CID_441383",66
"68","CID_247839",67
"69","CID_3054",68
"70","CID_54707177",69
"71","CID_5333",70
"72","CID_6234",71
"73","CID_2182",72
"74","CID_2578",73
"75","CID_4171",74
"76","CID_54676038",75
"77","CID_9570757",76
"78","CID_5095",77
"79","CID_3784",78
"80","CID_7741",79
"81","CID_5284627",80
"82","CID_42008",81
"83","CID_158781",82
"84","CID_2179",83
"85","CID_2153",84
"86","CID_152951",85
"87","CID_3114",86
"88","CID_4674",87
"89","CID_26987",88
"90","CID_9811704",89
"91","CID_5656",90
"92","CID_5282226",91
"93","CID_443958",92
"94","CID_54841",93
"95","CID_5360373",94
"96","CID_667484",95
"97","CID_104758",96
"98","CID_6917715",97
"99","CID_5288826",98
"100","CID_175805",99
"101","CID_2474",100
"102","CID_3033538",101
"103","CID_4725",102
"104","CID_5481350",103
"105","CID_21319",104
"106","CID_5526",105
"107","CID_150610",106
"108","CID_40973",107
"109","CID_82146",108
"110","CID_60753",109
"111","CID_40839",110
"112","CID_2732",111
"113","CID_3121",112
"114","CID_60857",113
"115","CID_1983",114
"116","CID_123631",115
"117","CID_43672",116
"118","CID_10531",117
"119","CID_2160",118
"120","CID_9878",119
"121","CID_11963622",120
"122","CID_3715",121
"123","CID_4091",122
"124","CID_657308",123
"125","CID_4095",124
"126","CID_4585",125
"127","CID_2249",126
"128","CID_6509979",127
"129","CID_4167",128
"130","CID_2678",129
"131","CID_39186",130
"132","CID_4976",131
"133","CID_2092",132
"134","CID_5576",133
"135","CID_115355",134
"136","CID_4201",135
"137","CID_8226",136
"138","CID_6729",137
"139","CID_9568617",138
"140","CID_2145",139
"141","CID_4046",140
"142","CID_44257",141
"143","CID_44424639",142
"144","CID_2818",143
"145","CID_70789197",144
"146","CID_13109",145
"147","CID_439260",146
"148","CID_60613",147
"149","CID_4205",148
"150","CID_33624",149
"151","CID_6918140",150
"152","CID_5572",151
"153","CID_6337614",152
"154","CID_4178",153
"155","CID_2162",154
"156","CID_4642",155
"157","CID_5546",156
"158","CID_454216",157
"159","CID_4919",158
"160","CID_31072",159
"161","CID_5355",160
"162","CID_3290",161
"163","CID_4497",162
"164","CID_21700",163
"165","CID_216239",164
"166","CID_68740",165
"167","CID_4499",166
"168","CID_969472",167
"169","CID_16129675",168
"170","CID_16960",169
"171","CID_3964",170
"172","CID_5831",171
"173","CID_77999",172
"174","CID_119570",173
"175","CID_51634",174
"176","CID_5833",175
"177","CID_4158",176
"178","CID_154417",177
"179","CID_5732",178
"180","CID_3324",179
"181","CID_5282443",180
"182","CID_29327",181
"183","CID_45266502",182
"184","CID_636405",183
"185","CID_6256",184
"186","CID_2913",185
"187","CID_145068",186
"188","CID_2315",187
"189","CID_2094",188
"190","CID_5481173",189
"191","CID_60750",190
"192","CID_452548",191
"193","CID_41867",192
"194","CID_3883",193
"195","CID_3105",194
"196","CID_5819",195
"197","CID_8378",196
"198","CID_54680675",197
"199","CID_4058",198
"200","CID_3957",199
"201","CID_4893",200
"202","CID_3696",201
"203","CID_5284513",202
"204","CID_4409",203
"205","CID_23724781",204
"206","CID_23665772",205
"207","CID_3826",206
"208","CID_3229",207
"209","CID_3034034",208
"210","CID_54677971",209
"211","CID_5281040",210
"212","CID_9034",211
"213","CID_60835",212
"214","CID_5071",213
"215","CID_216326",214
"216","CID_5035",215
"217","CID_2662",216
"218","CID_6172",217
"219","CID_2435",218
"220","CID_5284592",219
"221","CID_51081",220
"222","CID_5253",221
"223","CID_2477",222
"224","CID_441314",223
"225","CID_55891",224
"226","CID_5742673",225
"227","CID_5281081",226
"228","CID_35370",227
"229","CID_444031",228
"230","CID_4760",229
"231","CID_3397",230
"232","CID_5509",231
"233","CID_2756",232
"234","CID_3559",233
"235","CID_392622",234
"236","CID_5359371",235
"237","CID_8730",236
"238","CID_5284512",237
"239","CID_564",238
"240","CID_5360696",239
"241","CID_21867154",240
"242","CID_5484727",241
"243","CID_2583",242
"244","CID_449171",243
"245","CID_4170",244
"246","CID_65866",245
"247","CID_3415",246
"248","CID_176870",247
"249","CID_6915944",248
"250","CID_2764",249
"251","CID_3005573",250
"252","CID_4543",251
"253","CID_5978",252
"254","CID_5362124",253
"255","CID_2170",254
"256","CID_3385",255
"257","CID_4991",256
"258","CID_37632",257
"259","CID_5311067",258
"260","CID_2266",259
"261","CID_5717",260
"262","CID_657298",261
"263","CID_1990",262
"264","CID_439693",263
"265","CID_54676228",264
"266","CID_3878",265
"267","CID_3658",266
"268","CID_60855",267
"269","CID_104865",268
"270","CID_54686904",269
"271","CID_2343",270
"272","CID_126941",271
"273","CID_2554",272
"274","CID_62886",273
"275","CID_2761",274
"276","CID_49852292",275
"277","CID_13342",276
"278","CID_4946",277
"279","CID_3342",278
"280","CID_2803",279
"281","CID_60773",280
"282","CID_4020",281
"283","CID_11333",282
"284","CID_71616",283
"285","CID_10917",284
"286","CID_3033637",285
"287","CID_6436135",286
"288","CID_444036",287
"289","CID_28864",288
"290","CID_3157",289
"291","CID_3291",290
"292","CID_16231",291
"293","CID_5311167",292
"294","CID_3869",293
"295","CID_7638",294
"296","CID_6279",295
"297","CID_1548887",296
"298","CID_2910",297
"299","CID_8982",298
"300","CID_5906",299
"301","CID_2405",300
"302","CID_6323490",301
"303","CID_8280",302
"304","CID_54680690",303
"305","CID_5291",304
"306","CID_5878",305
"307","CID_4474",306
"308","CID_3372",307
"309","CID_6013",308
"310","CID_64139",309
"311","CID_3517",310
"312","CID_2088",311
"313","CID_119182",312
"314","CID_12620",313
"315","CID_5320",314
"316","CID_2796",315
"317","CID_60961",316
"318","CID_54454",317
"319","CID_446556",318
"320","CID_3180",319
"321","CID_4211",320
"322","CID_18283",321
"323","CID_3182",322
"324","CID_5311221",323
"325","CID_5870",324
"326","CID_5533",325
"327","CID_4032",326
"328","CID_71158",327
"329","CID_2520",328
"330","CID_4493",329
"331","CID_25077405",330
"332","CID_5358",331
"333","CID_4848",332
"334","CID_5362065",333
"335","CID_2727",334
"336","CID_6918365",335
"337","CID_9651",336
"338","CID_2733526",337
"339","CID_3961",338
"340","CID_54678486",339
"341","CID_36294",340
"342","CID_37720",341
"343","CID_31378",342
"344","CID_5281078",343
"345","CID_91270",344
"346","CID_5775",345
"347","CID_16850",346
"348","CID_30323",347
"349","CID_8223",348
"350","CID_5487",349
"351","CID_34040",350
"352","CID_443872",351
"353","CID_4100",352
"354","CID_5625",353
"355","CID_129211",354
"356","CID_41693",355
"357","CID_60825",356
"358","CID_60852",357
"359","CID_3394",358
"360","CID_6196",359
"361","CID_6005",360
"362","CID_43815",361
"363","CID_50294",362
"364","CID_6230",363
"365","CID_60871",364
"366","CID_19861",365
"367","CID_5362119",366
"368","CID_6082",367
"369","CID_57469",368
"370","CID_6646",369
"371","CID_5584",370
"372","CID_4510",371
"373","CID_441290",372
"374","CID_5311309",373
"375","CID_47320",374
"376","CID_5073",375
"377","CID_73342",376
"378","CID_9568614",377
"379","CID_4034",378
"380","CID_5070",379
"381","CID_4236",380
"382","CID_3000322",381
"383","CID_2564",382
"384","CID_4906",383
"385","CID_3241",384
"386","CID_5530",385
"387","CID_3292",386
"388","CID_3033818",387
"389","CID_60606",388
"390","CID_441130",389
"391","CID_60838",390
"392","CID_1349907",391
"393","CID_441350",392
"394","CID_5281071",393
"395","CID_84088",394
"396","CID_149351",395
"397","CID_2784",396
"398","CID_4004",397
"399","CID_36462",398
"400","CID_3647",399
"401","CID_60947",400
"402","CID_34312",401
"403","CID_4940",402
"404","CID_3675",403
"405","CID_4934",404
"406","CID_4044",405
"407","CID_119031",406
"408","CID_2022",407
"409","CID_55466",408
"410","CID_107807",409
"411","CID_5359476",410
"412","CID_2540",411
"413","CID_5381",412
"414","CID_3341",413
"415","CID_3042",414
"416","CID_4199",415
"417","CID_4740",416
"418","CID_3702",417
"419","CID_5593",418
"420","CID_2381",419
"421","CID_37542",420
"422","CID_4086",421
"423","CID_287180",422
"424","CID_110635",423
"425","CID_3117",424
"426","CID_9270",425
"427","CID_1676",426
"428","CID_16666",427
"429","CID_446987",428
"430","CID_5566",429
"431","CID_51039",430
"432","CID_55245",431
"433","CID_6834",432
"434","CID_3955",433
"435","CID_5361323",434
"436","CID_5311052",435
"437","CID_5503",436
"438","CID_36811",437
"439","CID_4616",438
"440","CID_3152",439
"441","CID_5311304",440
"442","CID_2794",441
"443","CID_15209",442
"444","CID_6058",443
"445","CID_8271",444
"446","CID_4748",445
"447","CID_5351166",446
"448","CID_7028",447
"449","CID_5359272",448
"450","CID_137",449
"451","CID_3059",450
"452","CID_110634",451
"453","CID_3001055",452
"454","CID_445643",453
"455","CID_33572",454
"456","CID_7699",455
"457","CID_5284549",456
"458","CID_5403",457
"459","CID_151171",458
"460","CID_9865442",459
"461","CID_5281037",460
"462","CID_5284616",461
"463","CID_60877",462
"464","CID_54892",463
"465","CID_2800",464
"466","CID_6883",465
"467","CID_5245",466
"468","CID_2471",467
"469","CID_5284566",468
"470","CID_667476",469
"471","CID_5336",470
"472","CID_4633",471
"473","CID_13769",472
"474","CID_45266800",473
"475","CID_5311412",474
"476","CID_5556",475
"477","CID_702",476
"478","CID_60815",477
"479","CID_50599",478
"480","CID_14677",479
"481","CID_3278",480
"482","CID_4595",481
"483","CID_5311027",482
"484","CID_60648",483
"485","CID_441074",484
"486","CID_5734",485
"487","CID_5281104",486
"488","CID_65981",487
"489","CID_2130",488
"490","CID_4173",489
"491","CID_5280360",490
"492","CID_123606",491
"493","CID_3827",492
"494","CID_3033825",493
"495","CID_43507",494
"496","CID_2895",495
"497","CID_4768",496
"498","CID_3325",497
"499","CID_9444",498
"500","CID_5282381",499
"501","CID_4078",500
"502","CID_4011",501
"503","CID_4636",502
"504","CID_5152",503
"505","CID_4097",504
"506","CID_3601",505
"507","CID_2911",506
"508","CID_24066",507
"509","CID_5966",508
"510","CID_54680692",509
"511","CID_17756771",510
"512","CID_656511",511
"513","CID_3331",512
"514","CID_3348",513
"515","CID_4440",514
"516","CID_5078",515
"517","CID_441306",516
"518","CID_6540478",517
"519","CID_4828",518
"520","CID_60726",519
"521","CID_2216",520
"522","CID_65999",521
"523","CID_124087",522
"524","CID_38853",523
"525","CID_457193",524
"526","CID_2267",525
"527","CID_150311",526
"528","CID_3108",527
"529","CID_5991",528
"530","CID_3948",529
"531","CID_2905",530
"532","CID_208902",531
"533","CID_5983",532
"534","CID_5282379",533
"535","CID_3410",534
"536","CID_441281",535
"537","CID_6253",536
"538","CID_681",537
"539","CID_77991",538
"540","CID_60198",539
"541","CID_4614",540
"542","CID_157922",541
"543","CID_2265",542
"544","CID_70788951",543
"545","CID_3446",544
"546","CID_31703",545
"547","CID_77992",546
"548","CID_19003",547
"549","CID_92253",548
"550","CID_2882",549
"551","CID_3454",550
"552","CID_3657",551
"553","CID_3902",552
"554","CID_5482",553
"555","CID_3202",554
"556","CID_4174",555
"557","CID_156419",556
"558","CID_32798",557
"559","CID_6335412",558
"560","CID_5329",559
"561","CID_3488",560
"562","CID_54675783",561
"563","CID_3519",562
"564","CID_2370",563
"565","CID_27661",564
"566","CID_5284607",565
"567","CID_3333",566
"568","CID_446541",567
"569","CID_2161",568
"570","CID_3823",569
"571","CID_3749",570
"572","CID_60700",571
"573","CID_4911",572
"574","CID_667490",573
"575","CID_28517",574
"576","CID_4913",575
"577","CID_443879",576
"578","CID_3339",577
"579","CID_4054",578
"580","CID_5379",579
"581","CID_5381226",580
"582","CID_157920",581
"583","CID_9642",582
"584","CID_441300",583
"585","CID_3672",584
"586","CID_4507",585
"587","CID_440473",586
"588","CID_38945",587
"589","CID_10548",588
"590","CID_4539",589
"591","CID_6479523",590
"592","CID_4634",591
"593","CID_17676",592
"594","CID_3779",593
"595","CID_9870843",594
"596","CID_3478",595
"597","CID_4927",596
"598","CID_5311071",597
"599","CID_4066",598
"600","CID_657237",599
"601","CID_4746",600
"602","CID_3100",601
"603","CID_60823",602
"604","CID_3305",603
"605","CID_28620",604
"606","CID_5665",605
"607","CID_3034010",606
"608","CID_3219",607
"609","CID_5910",608
"610","CID_2337",609
"611","CID_4908",610
"612","CID_5311181",611
"613","CID_8550",612
"614","CID_5850",613
"615","CID_2484",614
"616","CID_439501",615
"617","CID_72281",616
"618","CID_1548972",617
"619","CID_3899",618
"620","CID_446157",619
"621","CID_3366",620
"622","CID_16362",621
"623","CID_60953",622
"624","CID_60789",623
"625","CID_237",624
"626","CID_68617",625
"627","CID_54385",626
"628","CID_5479529",627
"629","CID_4680",628
"630","CID_2725",629
"631","CID_4485",630
"632","CID_23576",631
"633","CID_74989",632
"634","CID_2157",633
"635","CID_3019",634
"636","CID_3475",635
"637","CID_4753",636
"638","CID_2131",637
"639","CID_7099",638
"640","CID_5505",639
"641","CID_2197",640
"642","CID_6918296",641
"643","CID_3198",642
"644","CID_2375",643
"645","CID_5029",644
"646","CID_6714002",645
"647","CID_4923",646
"648","CID_4829",647
"649","CID_5284551",648
"650","CID_2585",649
"651","CID_149096",650
"652","CID_5342",651
"653","CID_667468",652
"654","CID_2141",653
"655","CID_3038",654
"656","CID_5351",655
"657","CID_3103",656
"658","CID_3354",657
"659","CID_5281006",658
"660","CID_2995",659
"661","CID_65863",660
"662","CID_9571107",661
"663","CID_444",662
"664","CID_5583",663
"665","CID_2431",664
"666","CID_8612",665
"667","CID_5401",666
"668","CID_4583",667
"669","CID_2754",668
"670","CID_55283",669
"671","CID_4915",670
"672","CID_261004",671
"673","CID_3518",672
"674","CID_4235",673
"675","CID_4601",674
"676","CID_4763",675
"677","CID_146570",676
"678","CID_6726",677
"679","CID_42890",678
"680","CID_10607",679
"681","CID_32681",680
"682","CID_4932",681
"683","CID_2749",682
"684","CID_42113",683
"685","CID_1978",684
"686","CID_68844",685
"687","CID_259331",686
"688","CID_44093",687
"689","CID_5735",688
"690","CID_6000",689
"691","CID_31101",690
"692","CID_5284583",691
"693","CID_39147",692
"694","CID_4212",693
"695","CID_3373",694
"696","CID_3950",695
"697","CID_5362391",696
"698","CID_60464",697
"699","CID_3033053",698
"700","CID_39468",699
"701","CID_84029",700
"702","CID_5479530",701
"703","CID_31477",702
"704","CID_57363",703
"705","CID_2187",704
"706","CID_37393",705
"707","CID_6914273",706
"708","CID_6436173",707
"709","CID_5281004",708
"710","CID_9433",709
"711","CID_5002",710
"712","CID_5281042",711
"713","CID_15130",712
"714","CID_4168",713
"715","CID_6047",714
"716","CID_2444",715
"717","CID_60795",716
"718","CID_5280427",717
"719","CID_3463",718
"720","CID_2968",719
"721","CID_3759",720
"722","CID_148124",721
"723","CID_6003770",722
"724","CID_91610",723
"725","CID_121891",724
"726","CID_443884",725
"727","CID_3062316",726
"728","CID_11597698",727
"729","CID_6918462",728
"730","CID_208908",729
"731","CID_5311066",730
"732","CID_4369359",731
"733","CID_451668",732
"734","CID_115237",733
"735","CID_5329102",734
"736","CID_5310966",735
"737","CID_3083544",736
"738","CID_3637",737
"739","CID_3011155",738
"740","CID_16681432",739
"741","CID_151166",740
"742","CID_16133751",741
"743","CID_3343",742
"744","CID_4845",743
"745","CID_2372",744
"746","CID_439213",745
"747","CID_4883",746
"748","CID_5322",747
"749","CID_17134",748
"750","CID_54682938",749
"751","CID_656652",750
"752","CID_56339",751
"753","CID_5282165",752
"754","CID_4870",753
"755","CID_6307",754
"756","CID_456255",755
"757","CID_33255",756
"758","CID_43594",757
"759","CID_44185",758
"760","CID_441199",759
"761","CID_6533629",760
"762","CID_38103",761
"763","CID_21233",762
"764","CID_441289",763
"765","CID_50192",764
"766","CID_39765",765
"767","CID_56330",766
"768","CID_53461739",767
"769","CID_5311447",768
"770","CID_60919",769
"771","CID_10518",770
"772","CID_3608",771
"773","CID_28486",772
"774","CID_6291",773
"775","CID_37464",774
"776","CID_9294",775
"777","CID_3677",776
"778","CID_688561",777
"779","CID_3052776",778
"780","CID_5388937",779
"781","CID_5359268",780
"782","CID_5745",781
"783","CID_9565",782
"784","CID_5875",783
"785","CID_39042",784
"786","CID_2833",785
"787","CID_68873",786
"788","CID_441207",787
"789","CID_54684589",788
"790","CID_5161",789
"791","CID_54682045",790
"792","CID_72287",791
"793","CID_28417",792
"794","CID_54766",793
"795","CID_5487427",794
"796","CID_6918155",795
"797","CID_4887",796
"798","CID_5429",797
"799","CID_5479537",798
"800","CID_91562",799
"801","CID_5282242",800
"802","CID_54676537",801
"803","CID_68723",802
"804","CID_165580",803
"805","CID_19910",804
"806","CID_43008",805
"807","CID_441080",806
"808","CID_3698",807
"809","CID_4632",808
"810","CID_2218",809
"811","CID_33887",810
"812","CID_235905",811
"813","CID_2206",812
"814","CID_4756",813
"815","CID_4631",814
"816","CID_71371",815
"817","CID_31401",816
"818","CID_33746",817
"819","CID_154059",818
"820","CID_23925",819
"821","CID_23994",820
"822","CID_3033621",821
"823","CID_4506",822
"824","CID_6435415",823
"825","CID_104838",824
"826","CID_4912",825
"827","CID_5468",826
"828","CID_441397",827
"829","CID_6087",828
"830","CID_33478",829
"831","CID_115163",830
"832","CID_123630",831
"833","CID_4747",832
"834","CID_3652",833
"835","CID_10026",834
"836","CID_5284553",835
"837","CID_26035",836
"838","CID_3678",837
"839","CID_23897",838
"840","CID_11291",839
"841","CID_4761",840
"842","CID_62867",841
"843","CID_9429",842
"844","CID_941651",843
"845","CID_5311507",844
"846","CID_4688",845
"847","CID_123619",846
"848","CID_449193",847
"849","CID_159055",848
"850","CID_6323289",849
"851","CID_5288783",850
"852","CID_5311",851
"853","CID_72081",852
"854","CID_936",853
"855","CID_3000226",854
"856","CID_445154",855
"857","CID_4849",856
"858","CID_643975",857
"859","CID_445580",858
"860","CID_2993",859
"861","CID_4488",860
"862","CID_47499",861
"863","CID_3001028",862
"864","CID_9046",863
"865","CID_3357",864
"866","CID_5361",865
"867","CID_2378",866
"868","CID_3002977",867
"869","CID_2893",868
"870","CID_9880",869
"871","CID_2966",870
"872","CID_941361",871
"873","CID_3396",872
"874","CID_4057",873
"875","CID_6018",874
"876","CID_6445540",875
"877","CID_2663",876
"878","CID_134018",877
"879","CID_208898",878
"880","CID_71301",879
"881","CID_854026",880
"882","CID_285033",881
"883","CID_644241",882
"884","CID_6918537",883
"885","CID_11953931",884
"886","CID_444020",885
"887","CID_53708",886
"888","CID_2350",887
"889","CID_6918026",888
"890","CID_65833",889
"891","CID_6918248",890
"892","CID_40326",891
"893","CID_3036505",892
"894","CID_108143",893
"895","CID_71360",894
"896","CID_30668",895
"897","CID_10180",896
"898","CID_6918670",897
"899","CID_6918638",898
"900","CID_6918554",899
"901","CID_44591583",900
"902","CID_16222096",901
"903","CID_6476",902
"904","CID_61635",903
"905","CID_65781",904
"906","CID_3671",905
"907","CID_59227",906
"908","CID_3081361",907
"909","CID_10071196",908
"910","CID_9578005",909
"911","CID_774",910
"912","CID_9837243",911
"913","CID_56927674",912
"914","CID_11561674",913
"915","CID_132971",914
"916","CID_447715",915
"917","CID_11154555",916
"918","CID_6440717",917
"919","CID_4184",918
"920","CID_12035",919
"921","CID_4567",920
"922","CID_27400",921
"923","CID_6518",922
"924","CID_104850",923
"925","CID_57515973",924
"926","CID_71364",925
"927","CID_129228",926
"928","CID_216416",927
"929","CID_11450633",928
"930","CID_9838022",929
"931","CID_5312125",930
"932","CID_6918456",931
"933","CID_73303",932
"934","CID_443894",933
"935","CID_219024",934
"936","CID_11954293",935
"937","CID_9930049",936
"938","CID_9875401",937
"939","CID_9869929",938
"940","CID_92974",939
"941","CID_6918523",940
"942","CID_5488548",941
"943","CID_1549000",942
"944","CID_2159",943
"945","CID_24873435",944
"946","CID_11243969",945
"947","CID_154257",946
"948","CID_6918493",947
"949","CID_46705423",948
"950","CID_9690109",949
"951","CID_9854012",950
"952","CID_3052762",951
"953","CID_10113978",952
"954","CID_82148",953
"955","CID_9829523",954
"956","CID_6918837",955
"957","CID_10182969",956
"958","CID_5328940",957
"959","CID_6450551",958
"960","CID_1727",959
"961","CID_131682",960
"962","CID_6918314",961
"963","CID_5709",962
"964","CID_6445226",963
"965","CID_68682",964
"966","CID_2366",965
"967","CID_16136245",966
"968","CID_125017",967
"969","CID_154101",968
"970","CID_6918558",969
"971","CID_22297",970
"972","CID_164739",971
"973","CID_1993",972
"974","CID_6010",973
"975","CID_4436",974
"976","CID_4494",975
"977","CID_62930",976
"978","CID_7558",977
"979","CID_54690031",978
"980","CID_5335",979
"981","CID_3033968",980
"982","CID_71771",981
"983","CID_10101",982
"984","CID_2449",983
"985","CID_1712095",984
"986","CID_5419",985
"987","CID_19371515",986
"988","CID_10178705",987
"989","CID_9854073",988
"990","CID_1548943",989
"991","CID_10133",990
"992","CID_443936",991
"993","CID_16130957",992
"994","CID_24199",993
"995","CID_56927879",994
"996","CID_169870",995
"997","CID_71349",996
"998","CID_16089915",997
"999","CID_151075",998
"1000","CID_65015",999
"1001","CID_148121",1000
"1002","CID_5282230",1001
"1003","CID_10680",1002
"1004","CID_119828",1003
"1005","CID_5564",1004
"1006","CID_15574941",1005
"1007","CID_12894",1006
"1008","CID_2200",1007
"1009","CID_25295",1008
"1010","CID_21855",1009
"1011","CID_3781",1010
"1012","CID_5105",1011
"1013","CID_44112",1012
"1014","CID_2475",1013
"1015","CID_6597",1014
"1016","CID_68867",1015
"1017","CID_5502",1016
"1018","CID_9458",1017
"1019","CID_213046",1018
"1020","CID_9871419",1019
"1021","CID_9868491",1020
"1022","CID_16220172",1021
"1023","CID_11238823",1022
"1024","CID_9853053",1023
"1025","CID_210320",1024
"1026","CID_5282452",1025
"1027","CID_6451164",1026
"1028","CID_11626560",1027
"1029","CID_13559281",1028
"1030","CID_107970",1029
"1031","CID_56928011",1030
"1032","CID_25102847",1031
"1033","CID_54684141",1032
"1034","CID_42611257",1033
"1035","CID_10096344",1034
"1036","CID_9924495",1035
"1037","CID_11556711",1036
"1038","CID_9865528",1037
"1039","CID_11167602",1038
"1040","CID_11434515",1039
"1041","CID_15951529",1040
"1042","CID_24826799",1041
"1043","CID_9854489",1042
"1044","CID_134780",1043
"1045","CID_11707110",1044
"1046","CID_44462760",1045
"1047","CID_10184653",1046
"1048","CID_6917779",1047
"1049","CID_115368",1048
"1050","CID_11304743",1049
"1051","CID_16004692",1050
"1052","CID_3003141",1051
"1053","CID_2710",1052
"1054","CID_5281613",1053
"1055","CID_10240",1054
"1056","CID_21772",1055
"1057","CID_2446",1056
"1058","CID_5493444",1057
"1059","CID_10235",1058
"1060","CID_10077130",1059
"1061","CID_23652731",1060
"1062","CID_489181",1061
"1063","CID_11567473",1062
"1064","CID_6451149",1063
"1065","CID_56959087",1064
"1066","CID_53234134",1065
"1067","CID_24821094",1066
"1068","CID_9835049",1067
"1069","CID_644019",1068
"1070","CID_57379345",1069
"1071","CID_71768094",1070
"1072","CID_444008",1071
"1073","CID_10220503",1072
"1074","CID_5330286",1073
"1075","CID_10280735",1074
"1076","CID_11519070",1075
"1077","CID_9823820",1076
"1078","CID_9809715",1077
"1079","CID_11504295",1078
"1080","CID_10184665",1079
"1081","CID_3314",1080
"1082","CID_5573",1081
"1083","CID_40704",1082
"1084","CID_3086401",1083
"1085","CID_16129681",1084
"1086","CID_23668193",1085
"1087","CID_5311454",1086
"1088","CID_1548942",1087
"1089","CID_68861",1088
"1090","CID_9949848",1089
"1091","CID_11978813",1090
"1092","CID_6452300",1091
"1093","CID_23978",1092
"1094","CID_91663255",1093
"1095","CID_3307",1094
"1096","CID_5284550",1095
"1097","CID_20055414",1096
"1098","CID_9826451",1097
"1099","CID_4260",1098
"1100","CID_6438378",1099
"1101","CID_3965",1100
"1102","CID_39912",1101
"1103","CID_667550",1102
"1104","CID_610479",1103
"1105","CID_47528",1104
"1106","CID_6918055",1105
"1107","CID_125564",1106
"1108","CID_15387",1107
"1109","CID_2225",1108
"1110","CID_65948",1109
"1111","CID_656668",1110
"1112","CID_5282138",1111
"1113","CID_119171",1112
"1114","CID_5311217",1113
"1115","CID_9822750",1114
"1116","CID_4008",1115
"1117","CID_6099",1116
"1118","CID_4810",1117
"1119","CID_68802",1118
"1120","CID_34521",1119
"1121","CID_5386",1120
"1122","CID_54679224",1121
"1123","CID_6433090",1122
"1124","CID_131704317",1123
"1125","CID_11250029",1124
"1126","CID_50942",1125
"1127","CID_9870652",1126
"1128","CID_16678941",1127
"1129","CID_5353788",1128
"1130","CID_5531",1129
"1131","CID_72106",1130
"1132","CID_4830",1131
"1133","CID_68865",1132
"1134","CID_68870",1133
"1135","CID_108000",1134
"1136","CID_9811834",1135
"1137","CID_48229",1136
"1138","CID_9574768",1137
"1139","CID_5205",1138
"1140","CID_130313",1139
"1141","CID_104747",1140
"1142","CID_71496458",1141
"1143","CID_8555",1142
"1144","CID_443130",1143
"1145","CID_6323266",1144
"1146","CID_60657",1145
"1147","CID_4542",1146
"1148","CID_134717",1147
"1149","CID_10340",1148
"1150","CID_753",1149
"1151","CID_5462501",1150
"1152","CID_11029",1151
"1153","CID_5284514",1152
"1154","CID_76968835",1153
"1155","CID_785",1154
"1156","CID_5281070",1155
"1157","CID_8361",1156
"1158","CID_25213",1157
"1159","CID_24012",1158
"1160","CID_24434",1159
"1161","CID_13136",1160
"1162","CID_23976",1161
"1163","CID_7547",1162
"1164","CID_2202",1163
"1165","CID_2562",1164
"1166","CID_440936",1165
"1167","CID_7019255",1166
"1168","CID_5457",1167
"1169","CID_3610",1168
"1170","CID_6880",1169
"1171","CID_24456",1170
"1172","CID_9913767",1171
"1173","CID_49806720",1172
"1174","CID_53465279",1173
"1175","CID_5282430",1174
"1176","CID_49846579",1175
"1177","CID_9915886",1176
"1178","CID_16684434",1177
"1179","CID_185460",1178
"1180","CID_11965427",1179
"1181","CID_133017",1180
"1182","CID_27812",1181
"1183","CID_11001318",1182
"1184","CID_11156438",1183
"1185","CID_969516",1184
"1186","CID_54732242",1185
"1187","CID_656665",1186
"1188","CID_71226662",1187
"1189","CID_46199646",1188
"1190","CID_50922675",1189
"1191","CID_44631912",1190
"1192","CID_22024915",1191
"1193","CID_24958200",1192
"1194","CID_90311989",1193
"1195","CID_44205240",1194
"1196","CID_9915743",1195
"1197","CID_172198",1196
"1198","CID_24872560",1197
"1199","CID_487101",1198
"1200","CID_26248",1199
"1201","CID_9852519",1200
"1202","CID_46220502",1201
"1203","CID_72304",1202
"1204","CID_11671467",1203
"1205","CID_25025298",1204
"1206","CID_56649692",1205
"1207","CID_73442840",1206
"1208","CID_68165256",1207
"1209","CID_4942",1208
"1210","CID_5944",1209
"1211","CID_9931954",1210
"1212","CID_10275777",1211
"1213","CID_4413",1212
"1214","CID_42613186",1213
"1215","CID_2327",1214
"1216","CID_71511839",1215
"1217","CID_9863827",1216
"1218","CID_23954",1217
"1219","CID_5467",1218
"1220","CID_123600",1219
"1221","CID_450601",1220
"1222","CID_5281417",1221
"1223","CID_71387",1222
"1224","CID_54758501",1223
"1225","CID_9863672",1224
"1226","CID_70693500",1225
"1227","CID_202225",1226
"1228","CID_2466",1227
"1229","CID_15558638",1228
"1230","CID_1981",1229
"1231","CID_13314",1230
"1232","CID_64929",1231
"1233","CID_66828839",1232
"1234","mol_339641",1233
"1235","mol_903746",1234
"1236","mol_183422",1235
"1237","mol_667068",1236
"1238","mol_306865",1237
"1239","mol_36433",1238
"1240","mol_179122",1239
"1241","mol_178286",1240
"1242","mol_187193",1241
"1243","mol_31680",1242
"1244","mol_3892594",1243
"1245","mol_3776098",1244
"1246","mol_306489",1245
"1247","mol_755648",1246
"1248","mol_496607",1247
"1249","mol_32017",1248
"1250","mol_1458110",1249
"1251","mol_177898",1250
"1252","mol_177926",1251
"1253","mol_1458118",1252
"1254","mol_6688136",1253
"1255","mol_12053839",1254
"1256","mol_1458124",1255
"1257","mol_1458126",1256
"1258","mol_179002",1257
"1259","mol_301096",1258
"1260","mol_32324",1259
"1261","mol_34451",1260
"1262","mol_31631",1261
"1263","mol_386422",1262
"1264","mol_386424",1263
"1265","mol_905393",1264
"1266","mol_182916",1265
"1267","mol_1470364",1266
"1268","mol_31635",1267
"1269","mol_455946",1268
"1270","mol_182925",1269
"1271","mol_2388693",1270
"1272","mol_1857126",1271
"1273","mol_193783776",1272
"1274","mol_31637",1273
"1275","mol_1754749",1274
"1276","mol_2197001",1275
"1277","mol_7861736",1276
"1278","mol_306883",1277
"1279","mol_178200",1278
"1280","mol_558526",1279
"1281","mol_220026",1280
"1282","mol_181521",1281
"1283","mol_184039",1282
"1284","mol_452073",1283
"1285","mol_189258",1284
"1286","mol_338028",1285
"1287","mol_532060",1286
"1288","mol_27545517",1287
"1289","mol_20372905",1288
"1290","mol_1334913",1289
"1291","mol_8100965",1290
"1292","mol_29371",1291
"1293","mol_578119",1292
"1294","mol_60811",1293
"1295","mol_2773339",1294
"1296","mol_1923221",1295
"1297","mol_187452",1296
"1298","mol_6572540",1297
"1299","mol_26006421",1298
"1300","mol_307479",1299
"1301","mol_13507259",1300
"1302","mol_3929529",1301
"1303","mol_26284726",1302
"1304","mol_52545527",1303
"1305","mol_256155",1304
"1306","mol_177892",1305
"1307","mol_347122",1306
"1308","mol_1151109",1307
"1309","mol_4958858",1308
"1310","mol_347120",1309
"1311","mol_727223",1310
"1312","mol_347130",1311
"1313","mol_8439497",1312
"1314","mol_2108052",1313
"1315","mol_38201493",1314
"1316","mol_1145302",1315
"1317","mol_3420185",1316
"1318","mol_10716052",1317
"1319","mol_5566609",1318
"1320","mol_16417190",1319
"1321","mol_32261241",1320
"1322","mol_177990",1321
"1323","mol_189703",1322
"1324","mol_1311544",1323
"1325","mol_487738",1324
"1326","mol_5712621",1325
"1327","mol_567019",1326
"1328","mol_292335",1327
"1329","mol_12083902",1328
"1330","mol_306887",1329
"1331","mol_35883",1330
"1332","mol_1053069",1331
"1333","mol_30448",1332
"1334","mol_36157",1333
"1335","mol_35885",1334
"1336","mol_291988",1335
"1337","mol_433201",1336
"1338","mol_177807",1337
"1339","mol_190994",1338
"1340","mol_561634",1339
"1341","mol_1373425",1340
"1342","mol_510296",1341
"1343","mol_177772",1342
"1344","mol_219679",1343
"1345","mol_307420",1344
"1346","mol_189928",1345
"1347","mol_177774",1346
"1348","mol_475198",1347
"1349","mol_1857143",1348
"1350","mol_178196",1349
"1351","mol_178198",1350
"1352","mol_178194",1351
"1353","mol_529313",1352
"1354","mol_178896",1353
"1355","mol_1574370",1354
"1356","mol_1574722",1355
"1357","mol_292830",1356
"1358","mol_4377614",1357
"1359","mol_1088445",1358
"1360","mol_1374919",1359
"1361","mol_31422",1360
"1362","mol_1667394",1361
"1363","mol_18145626",1362
"1364","mol_182911",1363
"1365","mol_456428",1364
"1366","mol_29600",1365
"1367","mol_179780",1366
"1368","mol_179791",1367
"1369","mol_7108923",1368
"1370","mol_896047",1369
"1371","mol_3511138",1370
"1372","mol_36065",1371
"1373","mol_7229086",1372
"1374","mol_35568",1373
"1375","mol_3192938",1374
"1376","mol_2697123",1375
"1377","mol_8100806",1376
"1378","mol_21411517",1377
"1379","mol_35565",1378
"1380","mol_758110",1379
"1381","mol_387018",1380
"1382","mol_1711117",1381
"1383","mol_2599558",1382
"1384","mol_553260",1383
"1385","mol_181432",1384
"1386","mol_36431",1385
"1387","mol_30397",1386
"1388","mol_32049",1387
"1389","mol_927342",1388
"1390","mol_291946",1389
"1391","mol_681914",1390
"1392","mol_1162924",1391
"1393","mol_61970253",1392
"1394","mol_177988",1393
"1395","mol_699152",1394
"1396","mol_5832717",1395
"1397","mol_31234",1396
"1398","mol_4092075",1397
"1399","mol_2911152",1398
"1400","mol_178628",1399
"1401","mol_535073",1400
"1402","mol_42798",1401
"1403","mol_41273",1402
"1404","mol_145722",1403
"1405","mol_6708455",1404
"1406","mol_31825",1405
"1407","mol_40217983",1406
"1408","mol_189246",1407
"1409","mol_292415",1408
"1410","mol_179762",1409
"1411","mol_300417",1410
"1412","mol_14670397",1411
"1413","mol_179764",1412
"1414","mol_1698403",1413
"1415","mol_184088",1414
"1416","mol_12642270",1415
"1417","mol_455448",1416
"1418","mol_189053812",1417
"1419","mol_581194",1418
"1420","mol_42468",1419
"1421","mol_41218",1420
"1422","mol_178150",1421
"1423","mol_4530478",1422
"1424","mol_2935434",1423
"1425","mol_182399",1424
"1426","mol_17648144",1425
"1427","mol_31608",1426
"1428","mol_36645",1427
"1429","mol_456564",1428
"1430","mol_12654863",1429
"1431","mol_219920",1430
"1432","mol_558749",1431
"1433","mol_1899202",1432
"1434","mol_1196449",1433
"1435","mol_2444026",1434
"1436","mol_3025446",1435
"1437","mol_187143",1436
"1438","mol_860963",1437
"1439","mol_37479",1438
"1440","mol_292029",1439
"1441","mol_35652",1440
"1442","mol_4838145",1441
"1443","mol_410209",1442
"1444","mol_59530",1443
"1445","mol_330210",1444
"1446","mol_387026",1445
"1447","mol_1572976",1446
"1448","mol_42314",1447
"1449","mol_1574687",1448
"1450","mol_41216",1449
"1451","mol_179806",1450
"1452","mol_306473",1451
"1453","mol_1086491",1452
"1454","mol_4559312",1453
"1455","mol_11878259",1454
"1456","mol_4104136",1455
"1457","mol_11230445",1456
"1458","mol_15590680",1457
"1459","mol_602705",1458
"1460","mol_531391",1459
"1461","mol_531241",1460
"1462","mol_3766467",1461
"1463","mol_6572950",1462
"1464","mol_457879",1463
"1465","mol_7414320",1464
"1466","mol_338213",1465
"1467","mol_4321647",1466
"1468","mol_307415",1467
"1469","mol_3309111",1468
"1470","mol_7160975",1469
"1471","mol_27465047",1470
"1472","mol_2149156",1471
"1473","mol_757924",1472
"1474","mol_984233",1473
"1475","mol_15457529",1474
"1476","mol_339918",1475
"1477","mol_530791",1476
"1478","mol_1841342",1477
"1479","mol_186663",1478
"1480","mol_10241847",1479
"1481","mol_1783387",1480
"1482","mol_28230",1481
"1483","mol_190889",1482
"1484","mol_37912002",1483
"1485","mol_219664",1484
"1486","mol_4204216",1485
"1487","mol_307341",1486
"1488","mol_4261711",1487
"1489","mol_2916800",1488
"1490","mol_182628",1489
"1491","mol_6625659",1490
"1492","mol_3860238",1491
"1493","mol_790944",1492
"1494","mol_40452",1493
"1495","mol_181376",1494
"1496","mol_386764",1495
"1497","mol_189937",1496
"1498","mol_189212",1497
"1499","mol_37127",1498
"1500","mol_37955",1499
"1501","mol_338695",1500
"1502","mol_6980076",1501
"1503","mol_31362",1502
"1504","mol_31121",1503
"1505","mol_13591824",1504
"1506","mol_182430",1505
"1507","mol_182439",1506
"1508","mol_177767",1507
"1509","mol_1780831",1508
"1510","mol_5031291",1509
"1511","mol_495043",1510
"1512","mol_190230",1511
"1513","mol_533324",1512
"1514","mol_179758",1513
"1515","mol_7105926",1514
"1516","mol_37678114",1515
"1517","mol_179095",1516
"1518","mol_1004273",1517
"1519","mol_452650",1518
"1520","mol_1004271",1519
"1521","mol_1066457",1520
"1522","mol_339867",1521
"1523","mol_3183953",1522
"1524","mol_435135",1523
"1525","mol_2058727",1524
"1526","mol_307166",1525
"1527","mol_41387220",1526
"1528","mol_35842",1527
"1529","mol_297050",1528
"1530","mol_2655412",1529
"1531","mol_409573",1530
"1532","mol_189732",1531
"1533","mol_34085",1532
"1534","mol_31368",1533
"1535","mol_31432",1534
"1536","mol_4520350",1535
"1537","mol_306491",1536
"1538","mol_3158351",1537
"1539","mol_1325917",1538
"1540","mol_35200",1539
"1541","mol_338469",1540
"1542","mol_296673",1541
"1543","mol_2213913",1542
"1544","mol_5565888",1543
"1545","mol_60016",1544
"1546","mol_307125",1545
"1547","mol_29337303",1546
"1548","mol_1763284",1547
"1549","mol_4887211",1548
"1550","mol_31671",1549
"1551","mol_1172161",1550
"1552","mol_537439",1551
"1553","mol_10336525",1552
"1554","mol_153767",1553
"1555","mol_6578133",1554
"1556","mol_2645429",1555
"1557","mol_1311630",1556
"1558","mol_177975",1557
"1559","mol_825639",1558
"1560","mol_31207",1559
"1561","mol_43010",1560
"1562","mol_189314",1561
"1563","mol_190948",1562
"1564","mol_190334",1563
"1565","mol_190289",1564
"1566","mol_2160046",1565
"1567","mol_2584866",1566
"1568","mol_5353887",1567
"1569","mol_324265",1568
"1570","mol_2407613",1569
"1571","mol_407807",1570
"1572","mol_29915",1571
"1573","mol_180920",1572
"1574","mol_219942",1573
"1575","mol_339834",1574
"1576","mol_28620",1575
"1577","mol_123231939",1576
"1578","mol_190824",1577
"1579","mol_150279",1578
"1580","mol_189040",1579
"1581","mol_32015",1580
"1582","mol_14246533",1581
"1583","mol_431857",1582
"1584","mol_340037",1583
"1585","mol_42461",1584
"1586","mol_149337",1585
"1587","mol_435970",1586
"1588","mol_28380",1587
"1589","mol_324460",1588
"1590","mol_238636",1589
"1591","mol_182276",1590
"1592","mol_581217",1591
"1593","mol_809690",1592
"1594","mol_42826",1593
"1595","mol_2984693",1594
"1596","mol_182724",1595
"1597","mol_179161",1596
"1598","mol_182841",1597
"1599","mol_37492",1598
"1600","mol_6457580",1599
"1601","mol_183703",1600
"1602","mol_6457582",1601
"1603","mol_386839",1602
"1604","mol_145821",1603
"1605","mol_755646",1604
"1606","mol_190007",1605
"1607","mol_177960",1606
"1608","mol_1256017",1607
"1609","mol_1871168",1608
"1610","mol_178753",1609
"1611","mol_1834524",1610
"1612","mol_178487",1611
"1613","mol_31221",1612
"1614","mol_3150035",1613
"1615","mol_1575004",1614
"1616","mol_147715",1615
"1617","mol_42818",1616
"1618","mol_42814",1617
"1619","mol_32488",1618
"1620","mol_553797",1619
"1621","mol_162135198",1620
"1622","mol_2795880",1621
"1623","mol_553224",1622
"1624","mol_189734",1623
"1625","mol_306475",1624
"1626","mol_28237",1625
"1627","mol_179888",1626
"1628","mol_190748",1627
"1629","mol_1109792",1628
"1630","mol_35792",1629
"1631","mol_291868",1630
"1632","mol_1334868",1631
"1633","mol_291520",1632
"1634","mol_349449",1633
"1635","mol_307113",1634
"1636","mol_1263196",1635
"1637","mol_31642",1636
"1638","mol_181333",1637
"1639","mol_557734",1638
"1640","mol_1408052",1639
"1641","mol_16589056",1640
"1642","mol_8176544",1641
"1643","mol_35483",1642
"1644","mol_189969",1643
"1645","mol_432274",1644
"1646","mol_558099",1645
"1647","mol_181942",1646
"1648","mol_386788",1647
"1649","mol_307067",1648
"1650","mol_307066",1649
"1651","mol_9802433",1650
"1652","mol_296655",1651
"1653","mol_3462807",1652
"1654","mol_28192445",1653
"1655","mol_59427",1654
"1656","mol_9663958",1655
"1657","mol_189184",1656
"1658","mol_940379",1657
"1659","mol_329670",1658
"1660","mol_7330281",1659
"1661","mol_2443316",1660
"1662","mol_458542",1661
"1663","mol_5668545",1662
"1664","mol_187353",1663
"1665","mol_398415",1664
"1666","mol_339806",1665
"1667","mol_15919359",1666
"1668","mol_36176",1667
"1669","mol_1545946",1668
"1670","mol_337730",1669
"1671","mol_1694828",1670
"1672","mol_632650",1671
"1673","mol_190068",1672
"1674","mol_306786",1673
"1675","mol_1399032",1674
"1676","mol_1763096",1675
"1677","mol_19046894",1676
"1678","mol_6562440",1677
"1679","mol_30126",1678
"1680","mol_180671",1679
"1681","mol_36633",1680
"1682","mol_35799",1681
"1683","mol_180618",1682
"1684","mol_177205",1683
"1685","mol_36629",1684
"1686","mol_456257",1685
"1687","mol_516386",1686
"1688","mol_793763",1687
"1689","mol_963056",1688
"1690","mol_2662306",1689
"1691","mol_18413635",1690
"1692","mol_1702930",1691
"1693","mol_3005946",1692
"1694","mol_22134532",1693
"1695","mol_3650496",1694
"1696","mol_5381386",1695
"1697","mol_8546817",1696
"1698","mol_8843950",1697
"1699","mol_11066090",1698
"1700","mol_11935132",1699
"1701","mol_59524",1700
"1702","mol_984325",1701
"1703","mol_219918",1702
"1704","mol_338704",1703
"1705","mol_190013",1704
"1706","mol_23897",1705
"1707","mol_61991",1706
"1708","mol_324960",1707
"1709","mol_633071",1708
"1710","mol_189650",1709
"1711","mol_41646",1710
"1712","mol_147106",1711
"1713","mol_28606",1712
"1714","mol_30474",1713
"1715","mol_20147036",1714
"1716","mol_3287188",1715
"1717","mol_146902",1716
"1718","mol_179917",1717
"1719","mol_190188",1718
"1720","mol_56378959",1719
"1721","mol_338288",1720
"1722","mol_493134",1721
"1723","mol_790532",1722
"1724","mol_439601",1723
"1725","mol_339741",1724
"1726","mol_29904",1725
"1727","mol_5729676",1726
"1728","mol_178329",1727
"1729","mol_28418",1728
"1730","mol_903682",1729
"1731","mol_1399212",1730
"1732","mol_12003227",1731
"1733","mol_180332",1732
"1734","mol_44284",1733
"1735","mol_182488",1734
"1736","mol_31318",1735
"1737","mol_31851",1736
"1738","mol_31849",1737
"1739","mol_31946",1738
"1740","mol_2661757",1739
"1741","mol_31658",1740
"1742","mol_306483",1741
"1743","mol_4587223",1742
"1744","mol_5069431",1743
"1745","mol_9229883",1744
"1746","mol_3283386",1745
"1747","mol_21754549",1746
"1748","mol_6009640",1747
"1749","mol_340203",1748
"1750","mol_144836",1749
"1751","mol_37208",1750
"1752","mol_52214157",1751
"1753","mol_1632819",1752
"1754","mol_4878022",1753
"1755","mol_6643036",1754
"1756","mol_28678",1755
"1757","mol_602130",1756
"1758","mol_971194",1757
"1759","mol_292397",1758
"1760","mol_31332",1759
"1761","mol_306885",1760
"1762","mol_6523289",1761
"1763","mol_36178",1762
"1764","mol_1698396",1763
"1765","mol_151115",1764
"1766","mol_599820",1765
"1767","mol_146020",1766
"1768","mol_1055026",1767
"1769","mol_3127176",1768
"1770","mol_3873243",1769
"1771","mol_9247086",1770
"1772","mol_307043",1771
"1773","mol_181971",1772
"1774","mol_33793",1773
"1775","mol_561666",1774
"1776","mol_181242",1775
"1777","mol_184028",1776
"1778","mol_36093",1777
"1779","mol_36729",1778
"1780","mol_307059",1779
"1781","mol_3831566",1780
"1782","mol_7707622",1781
"1783","mol_4378059",1782
"1784","mol_3661616",1783
"1785","mol_219459",1784
"1786","mol_145884",1785
"1787","mol_572680",1786
"1788","mol_145898",1787
"1789","mol_1049053",1788
"1790","mol_2808657",1789
"1791","mol_14971465",1790
"1792","mol_1052803",1791
"1793","mol_1490399",1792
"1794","mol_2570864",1793
"1795","mol_179367",1794
"1796","mol_736251",1795
"1797","mol_46854681",1796
"1798","mol_306793",1797
"1799","mol_190668",1798
"1800","mol_307422",1799
"1801","mol_307163",1800
"1802","mol_182191",1801
"1803","mol_1041195",1802
"1804","mol_535388",1803
"1805","mol_339597",1804
"1806","mol_758063",1805
"1807","mol_190818",1806
"1808","mol_414669",1807
"1809","mol_555594",1808
"1810","mol_988305",1809
"1811","mol_7537304",1810
"1812","mol_3142700",1811
"1813","mol_780122",1812
"1814","mol_3901028",1813
"1815","mol_2978420",1814
"1816","mol_46362265",1815
"1817","mol_160260",1816
"1818","mol_4191346",1817
"1819","mol_179515",1818
"1820","mol_29917",1819
"1821","mol_179886",1820
"1822","mol_182048",1821
"1823","mol_1764162",1822
"1824","mol_1835659",1823
"1825","mol_178428",1824
"1826","mol_505177",1825
"1827","mol_14973165",1826
"1828","mol_755693",1827
"1829","mol_1237038",1828
"1830","mol_35632",1829
"1831","mol_190828",1830
"1832","mol_488283",1831
"1833","mol_183281",1832
"1834","mol_6715131",1833
"1835","mol_12586",1834
"1836","mol_13004",1835
"1837","mol_409875",1836
"1838","mol_1790878",1837
"1839","mol_976396",1838
"1840","mol_40788343",1839
"1841","mol_12274941",1840
"1842","mol_533326",1841
"1843","mol_24054563",1842
"1844","mol_858754",1843
"1845","mol_337722",1844
"1846","mol_10944956",1845
"1847","mol_386420",1846
"1848","mol_10635153",1847
"1849","mol_181944",1848
"1850","mol_36808",1849
"1851","mol_181268",1850
"1852","mol_6981726",1851
"1853","mol_178993",1852
"1854","mol_338228",1853
"1855","mol_14600074",1854
"1856","mol_13621367",1855
"1857","mol_553282",1856
"1858","mol_190786",1857
"1859","mol_34765",1858
"1860","mol_28344",1859
"1861","mol_3212176",1860
"1862","mol_1850613",1861
"1863","mol_190192",1862
"1864","mol_46611",1863
"1865","mol_529237",1864
"1866","mol_395340",1865
"1867","mol_2406666",1866
"1868","mol_507829",1867
"1869","mol_186653",1868
"1870","mol_33836",1869
"1871","mol_31077",1870
"1872","mol_189180",1871
"1873","mol_454154",1872
"1874","mol_1022792",1873
"1875","mol_903982",1874
"1876","mol_531160",1875
"1877","mol_8118721",1876
"1878","mol_1277084",1877
"1879","mol_455834",1878
"1880","mol_219600",1879
"1881","mol_581568",1880
"1882","mol_5002312",1881
"1883","mol_16505919",1882
"1884","mol_8099652",1883
"1885","mol_5139790",1884
"1886","mol_8977866",1885
"1887","mol_433715",1886
"1888","mol_2326173",1887
"1889","mol_4754911",1888
"1890","mol_1017423",1889
"1891","mol_16505914",1890
"1892","mol_47025",1891
"1893","mol_1184699",1892
"1894","mol_5326823",1893
"1895","mol_1184320",1894
"1896","mol_182771",1895
"1897","mol_1262811",1896
"1898","mol_1297274",1897
"1899","mol_313659",1898
"1900","mol_307180",1899
"1901","mol_431095",1900
"1902","mol_188569",1901
"1903","mol_179563",1902
"1904","mol_25573148",1903
"1905","mol_184105",1904
"1906","mol_181342",1905
"1907","mol_1546084",1906
"1908","mol_886284",1907
"1909","mol_178071",1908
"1910","mol_995300",1909
"1911","mol_455997",1910
"1912","mol_14150583",1911
"1913","mol_182569",1912
"1914","mol_399658",1913
"1915","mol_306832",1914
"1916","mol_3551191",1915
"1917","mol_21707842",1916
"1918","mol_3046817",1917
"1919","mol_36609",1918
"1920","mol_1088281",1919
"1921","mol_292242",1920
"1922","mol_190664",1921
"1923","mol_2454168",1922
"1924","mol_307196",1923
"1925","mol_183173",1924
"1926","mol_565649",1925
"1927","mol_31374",1926
"1928","mol_31372",1927
"1929","mol_307144",1928
"1930","mol_339677",1929
"1931","mol_312467",1930
"1932","mol_208959",1931
"1933","mol_15705879",1932
"1934","mol_5002314",1933
"1935","mol_151861",1934
"1936","mol_992687",1935
"1937","mol_3342792",1936
"1938","mol_456427",1937
"1939","mol_36623",1938
"1940","mol_1326067",1939
"1941","mol_5880671",1940
"1942","mol_7799988",1941
"1943","mol_1575661",1942
"1944","mol_10334701",1943
"1945","mol_3309531",1944
"1946","mol_307434",1945
"1947","mol_34313",1946
"1948","mol_1200083",1947
"1949","mol_307070",1948
"1950","mol_178277",1949
"1951","mol_32674",1950
"1952","mol_671883",1951
"1953","mol_306891",1952
"1954","mol_642526",1953
"1955","mol_558305",1954
"1956","mol_405082",1955
"1957","mol_26454702",1956
"1958","mol_34758",1957
"1959","mol_182801",1958
"1960","mol_182609",1959
"1961","mol_28738",1960
"1962","mol_561722",1961
"1963","mol_189701",1962
"1964","mol_182514",1963
"1965","mol_31707",1964
"1966","mol_337487",1965
"1967","mol_29462",1966
"1968","mol_186523",1967
"1969","mol_181227",1968
"1970","mol_49240383",1969
"1971","mol_4426597",1970
"1972","mol_339521",1971
"1973","mol_189582",1972
"1974","mol_4140698",1973
"1975","mol_6688130",1974
"1976","mol_726513",1975
"1977","mol_641962",1976
"1978","mol_12642642",1977
"1979","mol_181346",1978
"1980","mol_220149",1979
"1981","mol_181360",1980
"1982","mol_181350",1981
"1983","mol_4185796",1982
"1984","mol_496900",1983
"1985","mol_1845345",1984
"1986","mol_184473",1985
"1987","mol_248406",1986
"1988","mol_29715",1987
"1989","mol_37504",1988
"1990","mol_13702675",1989
"1991","mol_35479",1990
"1992","mol_431035",1991
"1993","mol_339570",1992
"1994","mol_8850245",1993
"1995","mol_340011",1994
"1996","mol_338219",1995
"1997","mol_402189",1996
"1998","mol_2641948",1997
"1999","mol_23491810",1998
"2000","mol_16755792",1999
"2001","mol_4836793",2000
"2002","mol_5326757",2001
"2003","mol_29839",2002
"2004","mol_632964",2003
"2005","mol_632970",2004
"2006","mol_30315",2005
"2007","mol_598147",2006
"2008","mol_177838",2007
"2009","mol_2094873",2008
"2010","mol_2911156",2009
"2011","mol_1381156",2010
"2012","mol_551608",2011
"2013","mol_3300094",2012
"2014","mol_20219010",2013
"2015","mol_33591094",2014
"2016","mol_468151",2015
"2017","mol_603917",2016
"2018","mol_598183",2017
"2019","mol_505665",2018
"2020","mol_479171",2019
"2021","mol_36619",2020
"2022","mol_15823642",2021
"2023","mol_1507822",2022
"2024","mol_387022",2023
"2025","mol_393017",2024
"2026","mol_4115829",2025
"2027","mol_2916802",2026
"2028","mol_4520225",2027
"2029","mol_292457",2028
"2030","mol_1944185",2029
"2031","mol_3834356",2030
"2032","mol_27497159",2031
"2033","mol_42261",2032
"2034","mol_804990",2033
"2035","mol_29788060",2034
"2036","mol_521216",2035
"2037","mol_758074",2036
"2038","mol_180256",2037
"2039","mol_28590",2038
"2040","mol_177870",2039
"2041","mol_1478281",2040
"2042","mol_17224957",2041
"2043","mol_790538",2042
"2044","mol_1276901",2043
"2045","mol_970089",2044
