"","CID_id","mol_id","action_id"
"1",444,1370,10
"2",858,1332,10
"3",980,1440,10
"4",919,1434,10
"5",919,1288,10
"6",386,1370,10
"7",1081,1543,10
"8",278,1486,10
"9",1188,1732,10
"10",919,1432,10
"11",1068,1885,10
"12",121,1381,10
"13",1101,1381,10
"14",675,1370,10
"15",848,1885,10
"16",858,1331,10
"17",1091,1948,10
"18",1068,1381,10
"19",1104,1768,10
"20",1087,1885,10
"21",778,1794,10
"22",234,1370,10
"23",1081,1411,10
"24",1081,1490,10
"25",1068,1304,10
"26",201,1345,10
"27",858,1334,10
"28",848,1714,10
"29",750,1361,10
"30",109,1450,10
"31",284,1604,10
"32",709,1361,10
"33",919,1431,10
"34",919,1430,10
"35",584,1486,10
"36",1226,1370,10
"37",84,1361,10
"38",109,1409,10
"39",651,1370,10
"40",109,1451,10
"41",1097,1381,10
"42",919,1662,10
"43",584,1381,10
"44",316,1305,1
"45",1084,1945,1
"46",784,1334,1
"47",502,1349,1
"48",173,1349,1
"49",55,1370,1
"50",776,1351,1
"51",534,1291,1
"52",243,1334,1
"53",316,1304,1
"54",481,1739,1
"55",895,1342,1
"56",1086,1267,1
"57",43,1278,1
"58",1015,1345,1
"59",735,1248,1
"60",56,1242,1
"61",38,1342,1
"62",792,1440,1
"63",195,1559,1
"64",236,1559,1
"65",895,1349,1
"66",243,1330,1
"67",593,1278,1
"68",520,1350,1
"69",786,1440,1
"70",80,1261,1
"71",194,1336,1
"72",325,1285,1
"73",12,1252,1
"74",77,1350,1
"75",716,1345,1
"76",537,1384,1
"77",92,1429,1
"78",892,1396,1
"79",863,1396,1
"80",32,1330,1
"81",486,1748,1
"82",1,1235,1
"83",962,1349,1
"84",79,1414,1
"85",1086,1275,1
"86",1088,1440,1
"87",288,1384,1
"88",520,1336,1
"89",488,1384,1
"90",425,1396,1
"91",287,1440,1
"92",1086,1265,1
"93",716,1384,1
"94",608,1260,1
"95",173,1384,1
"96",415,1386,1
"97",690,1342,1
"98",447,1336,1
"99",690,1385,1
"100",121,1486,1
"101",63,1386,1
"102",893,1330,1
"103",556,1765,1
"104",360,1342,1
"105",1090,1384,1
"106",77,1384,1
"107",895,1285,1
"108",68,1396,1
"109",412,1332,1
"110",77,1343,1
"111",330,1640,1
"112",323,1428,1
"113",202,1334,1
"114",815,1559,1
"115",1181,1440,1
"116",348,1344,1
"117",26,1260,1
"118",299,1336,1
"119",733,1351,1
"120",593,1291,1
"121",178,1269,1
"122",118,1286,1
"123",182,1442,1
"124",690,1384,1
"125",1231,1370,1
"126",202,1332,1
"127",1108,1336,1
"128",476,1736,1
"129",1109,1450,1
"130",713,1260,1
"131",348,1385,1
"132",714,1389,1
"133",503,1278,1
"134",415,1384,1
"135",546,1342,1
"136",146,1351,1
"137",440,1286,1
"138",515,1342,1
"139",279,1336,1
"140",1215,1765,1
"141",517,1396,1
"142",961,1345,1
"143",1026,1370,1
"144",970,1336,1
"145",683,1736,1
"146",939,1349,1
"147",202,1330,1
"148",922,1910,1
"149",1083,1386,1
"150",1105,1618,1
"151",597,1748,1
"152",63,1384,1
"153",906,1388,1
"154",12,1251,1
"155",367,1336,1
"156",1071,1396,1
"157",811,1396,1
"158",437,1291,1
"159",491,1342,1
"160",939,1336,1
"161",360,1285,1
"162",447,1291,1
"163",515,1344,1
"164",784,1332,1
"165",447,1278,1
"166",906,1386,1
"167",331,1344,1
"168",1174,1349,1
"169",743,1291,1
"170",1117,1349,1
"171",230,1512,1
"172",916,1384,1
"173",146,1291,1
"174",735,1252,1
"175",1015,1739,1
"176",742,1278,1
"177",578,1384,1
"178",360,1384,1
"179",1058,1248,1
"180",3,1236,1
"181",348,1386,1
"182",784,1370,1
"183",939,1337,1
"184",1181,1396,1
"185",1174,1350,1
"186",33,1336,1
"187",514,1344,1
"188",1086,1266,1
"189",1083,1384,1
"190",348,1336,1
"191",773,1396,1
"192",412,1333,1
"193",146,1336,1
"194",852,1728,1
"195",727,1854,1
"196",544,1304,1
"197",934,1305,1
"198",202,1562,1
"199",413,1386,1
"200",895,1336,1
"201",457,1291,1
"202",77,1342,1
"203",1174,1336,1
"204",735,1246,1
"205",774,1291,1
"206",11,1245,1
"207",1108,1351,1
"208",108,1332,1
"209",1160,1626,1
"210",348,1384,1
"211",537,1387,1
"212",537,1388,1
"213",783,1242,1
"214",167,1263,1
"215",12,1255,1
"216",718,1486,1
"217",1149,1511,1
"218",1072,1757,1
"219",1174,1351,1
"220",939,1351,1
"221",476,1737,1
"222",776,1349,1
"223",125,1384,1
"224",482,1442,1
"225",1049,1549,1
"226",577,1370,1
"227",862,1396,1
"228",1142,1563,1
"229",1042,1242,1
"230",611,1510,1
"231",642,1370,1
"232",1012,1278,1
"233",1068,1345,1
"234",92,1242,1
"235",324,1396,1
"236",910,1509,1
"237",946,1396,1
"238",1105,1534,1
"239",848,1885,1
"240",1142,1776,1
"241",1068,1715,1
"242",776,1336,1
"243",989,1885,1
"244",26,1254,1
"245",348,1337,1
"246",743,1278,1
"247",995,1440,1
"248",95,1261,1
"249",985,1336,1
"250",1170,1765,1
"251",528,1396,1
"252",784,1486,1
"253",865,1844,1
"254",348,1387,1
"255",537,1389,1
"256",349,1350,1
"257",144,1502,1
"258",939,1278,1
"259",12,1256,1
"260",714,1386,1
"261",1068,1385,1
"262",437,1336,1
"263",910,1414,1
"264",373,1381,1
"265",490,1485,1
"266",118,1475,1
"267",927,1398,1
"268",412,1330,1
"269",38,1344,1
"270",68,1398,1
"271",12,1248,1
"272",1163,1970,1
"273",503,1291,1
"274",171,1260,1
"275",1078,1291,1
"276",287,1242,1
"277",518,1291,1
"278",331,1345,1
"279",977,1854,1
"280",442,1242,1
"281",19,1283,1
"282",974,1336,1
"283",1114,1497,1
"284",413,1387,1
"285",243,1332,1
"286",893,1333,1
"287",117,1349,1
"288",202,1333,1
"289",1086,1269,1
"290",243,1333,1
"291",916,1345,1
"292",39,1350,1
"293",910,1479,1
"294",469,1396,1
"295",1072,1756,1
"296",473,1734,1
"297",363,1440,1
"298",77,1285,1
"299",218,1350,1
"300",1086,1261,1
"301",337,1396,1
"302",342,1399,1
"303",487,1381,1
"304",215,1396,1
"305",117,1342,1
"306",1131,1385,1
"307",916,1384,1
"308",43,1291,1
"309",360,1385,1
"310",690,1347,1
"311",994,1235,1
"312",173,1389,1
"313",690,1351,1
"314",360,1351,1
"315",690,1388,1
"316",1079,1291,1
"317",1086,1270,1
"318",46,1284,1
"319",623,1291,1
"320",360,1387,1
"321",777,1291,1
"322",348,1285,1
"323",982,1286,1
"324",360,1350,1
"325",288,1342,1
"326",876,1353,1
"327",899,1291,1
"328",1070,1343,1
"329",1037,1353,1
"330",107,1396,1
"331",890,1389,1
"332",817,1277,1
"333",68,1397,1
"334",348,1349,1
"335",1209,1512,1
"336",974,1349,1
"337",77,1347,1
"338",95,1350,1
"339",690,1343,1
"340",1,1234,1
"341",1081,1283,1
"342",375,1350,1
"343",739,1858,1
"344",477,1283,1
"345",1128,1549,1
"346",1086,1262,1
"347",167,1262,1
"348",563,1321,1
"349",77,1385,1
"350",490,1442,1
"351",717,1510,1
"352",395,1442,1
"353",730,1242,1
"354",1196,1239,1
"355",247,1370,1
"356",330,1235,1
"357",888,1900,1
"358",1084,1900,1
"359",360,1386,1
"360",316,1633,1
"361",918,1286,1
"362",1222,1242,1
"363",476,1261,1
"364",146,1349,1
"365",342,1525,1
"366",9,1242,1
"367",774,1278,1
"368",1124,1286,1
"369",520,1349,1
"370",962,1337,1
"371",602,1512,1
"372",1086,1268,1
"373",1020,1428,1
"374",1086,1274,1
"375",279,1350,1
"376",951,1739,1
"377",491,1343,1
"378",690,1386,1
"379",577,1486,1
"380",150,1511,1
"381",12,1253,1
"382",437,1278,1
"383",124,1287,1
"384",279,1349,1
"385",1090,1384,1
"386",982,1287,1
"387",711,1321,1
"388",1099,1671,1
"389",38,1345,1
"390",242,1278,1
"391",325,1345,1
"392",742,1291,1
"393",1086,1264,1
"394",368,1659,1
"395",337,1398,1
"396",77,1386,1
"397",113,1344,1
"398",360,1345,1
"399",108,1334,1
"400",63,1345,1
"401",167,1265,1
"402",1070,1345,1
"403",202,1331,1
"404",295,1440,1
"405",906,1387,1
"406",565,1777,1
"407",690,1336,1
"408",32,1333,1
"409",1058,1250,1
"410",218,1349,1
"411",348,1345,1
"412",1183,1428,1
"413",97,1396,1
"414",348,1343,1
"415",781,1242,1
"416",258,1242,1
"417",953,1756,1
"418",316,1421,1
"419",38,1347,1
"420",1231,1486,1
"421",1086,1276,1
"422",1125,1291,1
"423",218,1351,1
"424",792,1396,1
"425",876,1291,1
"426",686,1396,1
"427",421,1291,1
"428",13,1260,1
"429",239,1480,1
"430",973,1399,1
"431",916,1388,1
"432",690,1345,1
"433",608,1259,1
"434",427,1286,1
"435",716,1388,1
"436",714,1388,1
"437",63,1388,1
"438",927,1396,1
"439",295,1396,1
"440",725,1336,1
"441",26,1259,1
"442",1058,1246,1
"443",288,1345,1
"444",890,1345,1
"445",1094,1262,1
"446",534,1353,1
"447",742,1353,1
"448",146,1350,1
"449",1170,1626,1
"450",349,1349,1
"451",776,1353,1
"452",167,1277,1
"453",371,1481,1
"454",717,1328,1
"455",1108,1350,1
"456",688,1277,1
"457",59,1381,1
"458",415,1260,1
"459",593,1353,1
"460",623,1353,1
"461",1105,1952,1
"462",962,1351,1
"463",13,1259,1
"464",113,1343,1
"465",528,1370,1
"466",514,1343,1
"467",194,1349,1
"468",1142,1959,1
"469",239,1283,1
"470",608,1392,1
"471",219,1571,1
"472",26,1321,1
"473",437,1337,1
"474",171,1321,1
"475",63,1343,1
"476",448,1286,1
"477",459,1242,1
"478",448,1283,1
"479",97,1440,1
"480",146,1278,1
"481",425,1440,1
"482",645,1242,1
"483",835,1884,1
"484",236,1558,1
"485",1164,1286,1
"486",518,1278,1
"487",477,1286,1
"488",310,1349,1
"489",178,1263,1
"490",1083,1387,1
"491",222,1345,1
"492",991,1242,1
"493",1133,1388,1
"494",454,1291,1
"495",10,1243,1
"496",342,1242,1
"497",464,1396,1
"498",502,1349,1
"499",795,1242,1
"500",239,1287,1
"501",514,1345,1
"502",1094,1261,1
"503",175,1440,1
"504",315,1486,1
"505",724,1381,1
"506",395,1671,1
"507",1090,1345,1
"508",962,1336,1
"509",118,1287,1
"510",172,1381,1
"511",916,1345,1
"512",716,1389,1
"513",1124,1283,1
"514",119,1242,1
"515",862,1398,1
"516",557,1242,1
"517",971,1351,1
"518",733,1341,1
"519",1105,1951,1
"520",1002,1918,1
"521",305,1399,1
"522",537,1387,1
"523",537,1386,1
"524",690,1350,1
"525",735,1247,1
"526",10,1244,1
"527",63,1386,1
"528",12,1250,1
"529",735,1250,1
"530",953,1757,1
"531",91,1428,1
"532",713,1390,1
"533",38,1346,1
"534",939,1353,1
"535",1086,1271,1
"536",776,1350,1
"537",153,1512,1
"538",219,1570,1
"539",457,1353,1
"540",1146,1399,1
"541",962,1350,1
"542",502,1336,1
"543",288,1389,1
"544",1012,1291,1
"545",690,1285,1
"546",976,1399,1
"547",714,1384,1
"548",1142,1564,1
"549",308,1399,1
"550",113,1342,1
"551",784,1511,1
"552",1108,1349,1
"553",922,1495,1
"554",1099,1442,1
"555",707,1370,1
"556",595,1381,1
"557",982,1283,1
"558",1094,1263,1
"559",239,1576,1
"560",348,1350,1
"561",61,1345,1
"562",514,1342,1
"563",243,1331,1
"564",1142,1233,1
"565",716,1386,1
"566",690,1349,1
"567",32,1331,1
"568",517,1440,1
"569",12,1246,1
"570",1133,1283,1
"571",45,1242,1
"572",370,1385,1
"573",162,1512,1
"574",537,1386,1
"575",474,1242,1
"576",331,1342,1
"577",518,1353,1
"578",394,1242,1
"579",1058,1252,1
"580",473,1735,1
"581",202,1329,1
"582",1094,1273,1
"583",355,1283,1
"584",146,1337,1
"585",63,1385,1
"586",288,1343,1
"587",279,1351,1
"588",1225,1549,1
"589",118,1476,1
"590",971,1349,1
"591",150,1510,1
"592",215,1398,1
"593",360,1347,1
"594",117,1343,1
"595",776,1278,1
"596",77,1345,1
"597",98,1286,1
"598",331,1343,1
"599",98,1283,1
"600",515,1343,1
"601",895,1345,1
"602",12,1247,1
"603",63,1342,1
"604",1142,1958,1
"605",107,1440,1
"606",976,1440,1
"607",719,1249,1
"608",198,1283,1
"609",12,1254,1
"610",32,1332,1
"611",684,1291,1
"612",618,1512,1
"613",793,1291,1
"614",503,1353,1
"615",410,1381,1
"616",605,1243,1
"617",146,1353,1
"618",63,1285,1
"619",1086,1273,1
"620",1160,1765,1
"621",113,1345,1
"622",713,1739,1
"623",1086,1263,1
"624",355,1287,1
"625",691,1839,1
"626",360,1501,1
"627",608,1321,1
"628",19,1286,1
"629",395,1485,1
"630",279,1337,1
"631",499,1671,1
"632",1164,1480,1
"633",611,1442,1
"634",776,1337,1
"635",38,1348,1
"636",433,1286,1
"637",447,1278,1
"638",38,1343,1
"639",776,1291,1
"640",965,1341,1
"641",835,1481,1
"642",348,1350,1
"643",235,1283,1
"644",178,1273,1
"645",39,1349,1
"646",148,1286,1
"647",292,1242,1
"648",1017,1920,1
"649",1048,1345,1
"650",67,1242,1
"651",1087,1885,1
"652",375,1351,1
"653",434,1243,1
"654",906,1389,1
"655",145,1399,1
"656",77,1351,1
"657",288,1388,1
"658",465,1481,1
"659",834,1481,1
"660",895,1348,1
"661",939,1291,1
"662",915,1906,1
"663",517,1399,1
"664",714,1387,1
"665",1171,1510,1
"666",360,1389,1
"667",360,1349,1
"668",906,1384,1
"669",623,1278,1
"670",124,1283,1
"671",63,1389,1
"672",1174,1337,1
"673",448,1287,1
"674",736,1291,1
"675",815,1558,1
"676",684,1278,1
"677",360,1343,1
"678",435,1242,1
"679",1159,1324,1
"680",434,1261,1
"681",482,1428,1
"682",712,1283,1
"683",502,1337,1
"684",939,1350,1
"685",698,1283,1
"686",288,1285,1
"687",690,1337,1
"688",243,1329,1
"689",195,1558,1
"690",171,1249,1
"691",349,1652,1
"692",916,1388,1
"693",690,1387,1
"694",580,1370,1
"695",63,1387,1
"696",173,1388,1
"697",349,1351,1
"698",348,1342,1
"699",521,1381,1
"700",150,1328,1
"701",1053,1512,1
"702",1105,1531,1
"703",1117,1652,1
"704",562,1349,1
"705",447,1349,1
"706",972,1259,1
"707",811,1440,1
"708",477,1287,1
"709",784,1331,1
"710",194,1291,1
"711",502,1351,1
"712",611,1485,1
"713",920,1909,1
"714",490,1671,1
"715",108,1331,1
"716",62,1345,1
"717",1086,1272,1
"718",1219,1291,1
"719",920,1543,1
"720",412,1329,1
"721",33,1337,1
"722",1054,1480,1
"723",1054,1388,1
"724",1202,1381,1
"725",117,1347,1
"726",360,1388,1
"727",98,1287,1
"728",1108,1337,1
"729",582,1242,1
"730",906,1345,1
"731",163,1242,1
"732",1058,1247,1
"733",239,1286,1
"734",716,1387,1
"735",19,1287,1
"736",1221,1399,1
"737",178,1262,1
"738",910,1341,1
"739",971,1350,1
"740",433,1283,1
"741",77,1389,1
"742",996,1900,1
"743",32,1329,1
"744",929,1283,1
"745",39,1351,1
"746",433,1287,1
"747",1142,1597,1
"748",558,1381,1
"749",1202,1486,1
"750",118,1480,1
"751",288,1385,1
"752",77,1388,1
"753",77,1387,1
"754",534,1278,1
"755",1114,1920,1
"756",63,1387,1
"757",12,1249,1
"758",546,1343,1
"759",63,1347,1
"760",784,1381,1
"761",1090,1345,1
"762",77,1349,1
"763",1123,1955,1
"764",792,1399,1
"765",647,1381,1
"766",120,1481,1
"767",1106,1385,2
"768",61,1386,2
"769",999,1561,2
"770",892,1396,2
"771",402,1384,2
"772",228,1259,2
"773",201,1260,2
"774",118,1336,2
"775",1197,1399,2
"776",86,1260,2
"777",716,1285,2
"778",251,1385,2
"779",960,1664,2
"780",1017,1380,2
"781",935,1341,2
"782",404,1260,2
"783",370,1345,2
"784",894,1384,2
"785",1190,1937,2
"786",694,1273,2
"787",254,1349,2
"788",1075,1260,2
"789",393,1667,2
"790",1095,1260,2
"791",1138,1350,2
"792",712,1250,2
"793",125,1349,2
"794",242,1291,2
"795",221,1278,2
"796",1176,1261,2
"797",1015,1385,2
"798",170,1385,2
"799",675,1433,2
"800",1081,1259,2
"801",750,1305,2
"802",118,1349,2
"803",549,1762,2
"804",233,1386,2
"805",818,1260,2
"806",61,1260,2
"807",1125,1305,2
"808",927,1396,2
"809",1013,1278,2
"810",842,1386,2
"811",222,1384,2
"812",794,1260,2
"813",1018,1384,2
"814",31,1260,2
"815",432,1392,2
"816",61,1259,2
"817",696,1841,2
"818",403,1664,2
"819",177,1260,2
"820",913,1309,2
"821",123,1260,2
"822",710,1393,2
"823",716,1384,2
"824",68,1399,2
"825",431,1242,2
"826",118,1260,2
"827",692,1291,2
"828",726,1532,2
"829",1197,1261,2
"830",375,1345,2
"831",277,1353,2
"832",876,1351,2
"833",175,1507,2
"834",185,1285,2
"835",935,1350,2
"836",873,1260,2
"837",659,1385,2
"838",1218,1344,2
"839",1167,1393,2
"840",329,1399,2
"841",148,1385,2
"842",818,1259,2
"843",137,1260,2
"844",228,1260,2
"845",745,1683,2
"846",750,1304,2
"847",966,1235,2
"848",125,1387,2
"849",649,1278,2
"850",702,1291,2
"851",185,1260,2
"852",288,1387,2
"853",375,1388,2
"854",1113,1410,2
"855",431,1440,2
"856",251,1341,2
"857",21,1291,2
"858",204,1260,2
"859",293,1291,2
"860",196,1561,2
"861",256,1557,2
"862",369,1260,2
"863",1143,1960,2
"864",144,1506,2
"865",935,1285,2
"866",118,1341,2
"867",143,1259,2
"868",552,1257,2
"869",652,1260,2
"870",1075,1259,2
"871",277,1278,2
"872",954,1532,2
"873",949,1383,2
"874",814,1278,2
"875",843,1386,2
"876",1166,1440,2
"877",716,1259,2
"878",61,1385,2
"879",969,1393,2
"880",616,1807,2
"881",709,1304,2
"882",432,1260,2
"883",63,1349,2
"884",1176,1266,2
"885",711,1259,2
"886",733,1342,2
"887",1208,1260,2
"888",1052,1341,2
"889",413,1350,2
"890",932,1447,2
"891",676,1341,2
"892",175,1242,2
"893",652,1351,2
"894",254,1260,2
"895",418,1260,2
"896",506,1260,2
"897",710,1337,2
"898",621,1384,2
"899",61,1350,2
"900",143,1346,2
"901",62,1385,2
"902",1197,1270,2
"903",982,1433,2
"904",841,1384,2
"905",1111,1523,2
"906",702,1278,2
"907",1095,1337,2
"908",406,1681,2
"909",306,1337,2
"910",15,1278,2
"911",1208,1321,2
"912",690,1389,2
"913",510,1396,2
"914",1039,1260,2
"915",872,1384,2
"916",140,1495,2
"917",1167,1260,2
"918",126,1278,2
"919",501,1349,2
"920",416,1305,2
"921",328,1336,2
"922",1080,1399,2
"923",201,1393,2
"924",879,1291,2
"925",125,1390,2
"926",140,1305,2
"927",649,1350,2
"928",1056,1384,2
"929",251,1349,2
"930",464,1396,2
"931",125,1389,2
"932",675,1430,2
"933",838,1384,2
"934",374,1249,2
"935",921,1351,2
"936",143,1343,2
"937",1218,1349,2
"938",954,1531,2
"939",716,1346,2
"940",124,1390,2
"941",61,1346,2
"942",484,1336,2
"943",1218,1343,2
"944",1138,1343,2
"945",1096,1238,2
"946",164,1532,2
"947",1048,1384,2
"948",1098,1337,2
"949",484,1337,2
"950",771,1721,2
"951",649,1349,2
"952",143,1386,2
"953",946,1396,2
"954",1218,1336,2
"955",716,1385,2
"956",921,1385,2
"957",62,1285,2
"958",993,1260,2
"959",370,1285,2
"960",710,1350,2
"961",652,1414,2
"962",6,1239,2
"963",338,1239,2
"964",432,1321,2
"965",175,1399,2
"966",935,1291,2
"967",797,1305,2
"968",814,1291,2
"969",381,1260,2
"970",1176,1276,2
"971",125,1350,2
"972",1122,1260,2
"973",716,1349,2
"974",652,1350,2
"975",223,1426,2
"976",419,1249,2
"977",39,1278,2
"978",304,1532,2
"979",1197,1265,2
"980",844,1349,2
"981",1210,1974,2
"982",410,1704,2
"983",238,1574,2
"984",1138,1739,2
"985",144,1505,2
"986",710,1260,2
"987",733,1350,2
"988",1081,1321,2
"989",239,1256,2
"990",673,1663,2
"991",1136,1335,2
"992",652,1385,2
"993",767,1721,2
"994",791,1350,2
"995",21,1278,2
"996",144,1504,2
"997",161,1260,2
"998",652,1285,2
"999",1167,1259,2
"1000",1138,1349,2
"1001",155,1321,2
"1002",1044,1901,2
"1003",850,1748,2
"1004",692,1278,2
"1005",61,1321,2
"1006",710,1386,2
"1007",791,1351,2
"1008",25,1305,2
"1009",322,1304,2
"1010",681,1291,2
"1011",501,1259,2
"1012",289,1337,2
"1013",969,1260,2
"1014",652,1337,2
"1015",921,1336,2
"1016",613,1250,2
"1017",488,1250,2
"1018",890,1389,2
"1019",987,1792,2
"1020",791,1388,2
"1021",84,1421,2
"1022",942,1341,2
"1023",568,1668,2
"1024",869,1399,2
"1025",327,1433,2
"1026",125,1346,2
"1027",808,1440,2
"1028",659,1260,2
"1029",143,1342,2
"1030",1081,1260,2
"1031",304,1475,2
"1032",325,1385,2
"1033",832,1386,2
"1034",1050,1589,2
"1035",935,1388,2
"1036",805,1384,2
"1037",1098,1351,2
"1038",322,1305,2
"1039",25,1304,2
"1040",1118,1663,2
"1041",419,1260,2
"1042",643,1399,2
"1043",791,1259,2
"1044",240,1259,2
"1045",709,1633,2
"1046",277,1291,2
"1047",1017,1871,2
"1048",652,1393,2
"1049",61,1285,2
"1050",239,1250,2
"1051",468,1390,2
"1052",774,1345,2
"1053",676,1336,2
"1054",689,1390,2
"1055",118,1259,2
"1056",501,1350,2
"1057",1177,1614,2
"1058",673,1664,2
"1059",726,1531,2
"1060",432,1259,2
"1061",1013,1353,2
"1062",873,1259,2
"1063",1218,1346,2
"1064",1102,1335,2
"1065",432,1393,2
"1066",1131,1386,2
"1067",1181,1396,2
"1068",512,1288,2
"1069",954,1530,2
"1070",204,1259,2
"1071",924,1361,2
"1072",613,1256,2
"1073",710,1348,2
"1074",240,1260,2
"1075",842,1385,2
"1076",935,1414,2
"1077",418,1321,2
"1078",1176,1267,2
"1079",254,1347,2
"1080",1088,1399,2
"1081",1176,1262,2
"1082",1023,1807,2
"1083",501,1392,2
"1084",771,1247,2
"1085",521,1239,2
"1086",82,1239,2
"1087",726,1848,2
"1088",844,1387,2
"1089",362,1656,2
"1090",149,1291,2
"1091",675,1431,2
"1092",337,1396,2
"1093",402,1389,2
"1094",1113,1450,2
"1095",1193,1369,2
"1096",592,1386,2
"1097",1048,1336,2
"1098",251,1337,2
"1099",598,1341,2
"1100",273,1249,2
"1101",762,1249,2
"1102",350,1336,2
"1103",198,1432,2
"1104",935,1384,2
"1105",652,1384,2
"1106",369,1259,2
"1107",1197,1273,2
"1108",136,1386,2
"1109",882,1532,2
"1110",716,1386,2
"1111",894,1386,2
"1112",151,1259,2
"1113",1131,1349,2
"1114",686,1836,2
"1115",41,1260,2
"1116",1124,1287,2
"1117",345,1349,2
"1118",947,1589,2
"1119",143,1349,2
"1120",890,1385,2
"1121",125,1386,2
"1122",414,1260,2
"1123",429,1384,2
"1124",39,1291,2
"1125",1110,1412,2
"1126",596,1384,2
"1127",504,1260,2
"1128",1096,1350,2
"1129",993,1259,2
"1130",406,1684,2
"1131",300,1291,2
"1132",164,1528,2
"1133",1100,1335,2
"1134",1059,1929,2
"1135",306,1260,2
"1136",221,1291,2
"1137",125,1260,2
"1138",592,1384,2
"1139",859,1894,2
"1140",1169,1380,2
"1141",706,1844,2
"1142",254,1350,2
"1143",842,1384,2
"1144",982,1435,2
"1145",143,1285,2
"1146",675,1435,2
"1147",1197,1268,2
"1148",125,1347,2
"1149",251,1260,2
"1150",716,1342,2
"1151",429,1336,2
"1152",61,1384,2
"1153",649,1336,2
"1154",676,1260,2
"1155",74,1291,2
"1156",791,1260,2
"1157",185,1259,2
"1158",1098,1350,2
"1159",354,1336,2
"1160",1113,1412,2
"1161",304,1624,2
"1162",733,1389,2
"1163",132,1336,2
"1164",1140,1954,2
"1165",876,1350,2
"1166",413,1351,2
"1167",128,1260,2
"1168",307,1384,2
"1169",143,1391,2
"1170",1122,1259,2
"1171",674,1341,2
"1172",128,1393,2
"1173",125,1336,2
"1174",406,1680,2
"1175",254,1336,2
"1176",1113,1523,2
"1177",673,1664,2
"1178",649,1291,2
"1179",1096,1285,2
"1180",254,1285,2
"1181",657,1260,2
"1182",306,1259,2
"1183",710,1285,2
"1184",158,1260,2
"1185",1218,1350,2
"1186",716,1350,2
"1187",143,1260,2
"1188",19,1260,2
"1189",381,1259,2
"1190",1164,1283,2
"1191",341,1502,2
"1192",918,1350,2
"1193",642,1292,2
"1194",175,1540,2
"1195",175,1539,2
"1196",143,1385,2
"1197",1116,1549,2
"1198",568,1670,2
"1199",1068,1571,2
"1200",1138,1342,2
"1201",177,1259,2
"1202",254,1349,2
"1203",681,1278,2
"1204",1179,1360,2
"1205",1082,1413,2
"1206",158,1259,2
"1207",326,1249,2
"1208",402,1260,2
"1209",1096,1351,2
"1210",1208,1336,2
"1211",881,1898,2
"1212",791,1386,2
"1213",1152,1341,2
"1214",427,1450,2
"1215",794,1321,2
"1216",445,1386,2
"1217",665,1254,2
"1218",80,1416,2
"1219",675,1432,2
"1220",796,1869,2
"1221",402,1386,2
"1222",30,1328,2
"1223",1031,1529,2
"1224",710,1336,2
"1225",983,1841,2
"1226",774,1278,2
"1227",251,1278,2
"1228",733,1384,2
"1229",763,1321,2
"1230",211,1261,2
"1231",935,1278,2
"1232",918,1337,2
"1233",710,1341,2
"1234",254,1341,2
"1235",844,1386,2
"1236",716,1391,2
"1237",1138,1344,2
"1238",337,1398,2
"1239",427,1412,2
"1240",1119,1663,2
"1241",254,1386,2
"1242",228,1321,2
"1243",917,1855,2
"1244",694,1265,2
"1245",933,1236,2
"1246",60,1260,2
"1247",699,1278,2
"1248",416,1304,2
"1249",959,1423,2
"1250",341,1646,2
"1251",1095,1336,2
"1252",396,1260,2
"1253",151,1321,2
"1254",694,1261,2
"1255",710,1345,2
"1256",921,1341,2
"1257",332,1260,2
"1258",716,1341,2
"1259",662,1250,2
"1260",716,1389,2
"1261",500,1384,2
"1262",1110,1411,2
"1263",1070,1390,2
"1264",601,1341,2
"1265",943,1388,2
"1266",674,1435,2
"1267",251,1336,2
"1268",400,1672,2
"1269",170,1285,2
"1270",786,1399,2
"1271",198,1433,2
"1272",1095,1351,2
"1273",63,1350,2
"1274",843,1385,2
"1275",1071,1396,2
"1276",375,1350,2
"1277",935,1351,2
"1278",791,1285,2
"1279",230,1399,2
"1280",913,1311,2
"1281",2,1235,2
"1282",200,1336,2
"1283",361,1259,2
"1284",1132,1380,2
"1285",921,1347,2
"1286",1181,1235,2
"1287",1181,1399,2
"1288",596,1385,2
"1289",415,1347,2
"1290",1111,1412,2
"1291",152,1390,2
"1292",418,1259,2
"1293",375,1385,2
"1294",251,1350,2
"1295",251,1285,2
"1296",39,1353,2
"1297",987,1355,2
"1298",512,1431,2
"1299",1060,1538,2
"1300",381,1393,2
"1301",576,1393,2
"1302",228,1393,2
"1303",947,1590,2
"1304",151,1393,2
"1305",1197,1262,2
"1306",251,1353,2
"1307",1096,1385,2
"1308",710,1385,2
"1309",118,1393,2
"1310",1055,1385,2
"1311",596,1393,2
"1312",306,1393,2
"1313",185,1385,2
"1314",455,1282,2
"1315",118,1385,2
"1316",327,1288,2
"1317",648,1321,2
"1318",1229,1335,2
"1319",285,1414,2
"1320",770,1721,2
"1321",496,1349,2
"1322",596,1414,2
"1323",570,1239,2
"1324",838,1385,2
"1325",384,1414,2
"1326",770,1247,2
"1327",74,1278,2
"1328",232,1414,2
"1329",769,1239,2
"1330",496,1350,2
"1331",320,1399,2
"1332",372,1390,2
"1333",1095,1345,2
"1334",375,1349,2
"1335",160,1384,2
"1336",402,1259,2
"1337",1181,1440,2
"1338",576,1321,2
"1339",125,1321,2
"1340",124,1254,2
"1341",1098,1336,2
"1342",300,1278,2
"1343",164,1529,2
"1344",841,1386,2
"1345",1118,1349,2
"1346",1130,1241,2
"1347",1028,1242,2
"1348",354,1337,2
"1349",101,1337,2
"1350",733,1386,2
"1351",708,1242,2
"1352",659,1321,2
"1353",403,1663,2
"1354",1106,1384,2
"1355",935,1345,2
"1356",170,1384,2
"1357",933,1728,2
"1358",1045,1527,2
"1359",458,1728,2
"1360",445,1384,2
"1361",1110,1524,2
"1362",710,1384,2
"1363",918,1384,2
"1364",181,1546,2
"1365",871,1341,2
"1366",161,1321,2
"1367",406,1685,2
"1368",369,1321,2
"1369",1102,1380,2
"1370",306,1321,2
"1371",842,1345,2
"1372",402,1385,2
"1373",361,1321,2
"1374",1176,1275,2
"1375",513,1341,2
"1376",578,1390,2
"1377",128,1321,2
"1378",903,1777,2
"1379",1018,1345,2
"1380",1197,1274,2
"1381",143,1321,2
"1382",327,1435,2
"1383",1055,1341,2
"1384",86,1321,2
"1385",501,1336,2
"1386",716,1388,2
"1387",426,1421,2
"1388",935,1389,2
"1389",894,1389,2
"1390",500,1385,2
"1391",1176,1269,2
"1392",1131,1389,2
"1393",1095,1350,2
"1394",415,1285,2
"1395",791,1387,2
"1396",1218,1347,2
"1397",791,1385,2
"1398",591,1260,2
"1399",535,1341,2
"1400",402,1341,2
"1401",325,1341,2
"1402",774,1291,2
"1403",1166,1399,2
"1404",288,1347,2
"1405",375,1342,2
"1406",744,1291,2
"1407",479,1341,2
"1408",1180,1341,2
"1409",1111,1450,2
"1410",1110,1450,2
"1411",251,1393,2
"1412",715,1341,2
"1413",169,1341,2
"1414",677,1341,2
"1415",201,1392,2
"1416",501,1393,2
"1417",1096,1341,2
"1418",796,1567,2
"1419",1167,1392,2
"1420",887,1341,2
"1421",125,1259,2
"1422",629,1341,2
"1423",920,1543,2
"1424",137,1341,2
"1425",1110,1543,2
"1426",384,1341,2
"1427",201,1259,2
"1428",1068,1570,2
"1429",201,1348,2
"1430",63,1351,2
"1431",143,1479,2
"1432",763,1259,2
"1433",304,1531,2
"1434",618,1809,2
"1435",467,1732,2
"1436",164,1530,2
"1437",560,1732,2
"1438",932,1419,2
"1439",1095,1259,2
"1440",254,1348,2
"1441",495,1385,2
"1442",240,1321,2
"1443",935,1348,2
"1444",791,1349,2
"1445",1132,1571,2
"1446",381,1392,2
"1447",1070,1348,2
"1448",1095,1385,2
"1449",733,1345,2
"1450",652,1321,2
"1451",578,1288,2
"1452",764,1259,2
"1453",1218,1337,2
"1454",765,1249,2
"1455",633,1278,2
"1456",239,1247,2
"1457",125,1386,2
"1458",791,1321,2
"1459",943,1384,2
"1460",566,1525,2
"1461",162,1525,2
"1462",372,1249,2
"1463",1110,1513,2
"1464",233,1384,2
"1465",711,1249,2
"1466",388,1328,2
"1467",1176,1272,2
"1468",930,1336,2
"1469",930,1337,2
"1470",843,1384,2
"1471",695,1840,2
"1472",791,1336,2
"1473",1118,1345,2
"1474",427,1524,2
"1475",652,1341,2
"1476",741,1859,2
"1477",993,1321,2
"1478",501,1260,2
"1479",1131,1384,2
"1480",844,1384,2
"1481",1096,1337,2
"1482",268,1589,2
"1483",217,1321,2
"1484",143,1341,2
"1485",125,1384,2
"1486",61,1391,2
"1487",125,1345,2
"1488",1100,1380,2
"1489",876,1349,2
"1490",935,1386,2
"1491",118,1391,2
"1492",1218,1390,2
"1493",713,1384,2
"1494",935,1349,2
"1495",959,1422,2
"1496",143,1384,2
"1497",204,1321,2
"1498",1134,1390,2
"1499",1176,1264,2
"1500",481,1390,2
"1501",148,1390,2
"1502",1197,1269,2
"1503",1096,1336,2
"1504",254,1389,2
"1505",1197,1275,2
"1506",1106,1388,2
"1507",151,1260,2
"1508",987,1790,2
"1509",733,1336,2
"1510",1186,1390,2
"1511",393,1668,2
"1512",143,1351,2
"1513",1138,1351,2
"1514",935,1385,2
"1515",1140,1438,2
"1516",1197,1276,2
"1517",729,1856,2
"1518",791,1384,2
"1519",918,1385,2
"1520",1131,1336,2
"1521",878,1336,2
"1522",808,1399,2
"1523",733,1285,2
"1524",125,1285,2
"1525",496,1351,2
"1526",1113,1522,2
"1527",125,1342,2
"1528",19,1285,2
"1529",143,1336,2
"1530",716,1260,2
"1531",155,1260,2
"1532",254,1351,2
"1533",530,1260,2
"1534",61,1342,2
"1535",921,1342,2
"1536",982,1431,2
"1537",716,1351,2
"1538",1054,1285,2
"1539",1132,1885,2
"1540",906,1350,2
"1541",1176,1273,2
"1542",369,1393,2
"1543",198,1431,2
"1544",1176,1270,2
"1545",362,1655,2
"1546",402,1285,2
"1547",201,1341,2
"1548",1138,1346,2
"1549",921,1343,2
"1550",921,1260,2
"1551",1143,1961,2
"1552",872,1385,2
"1553",384,1385,2
"1554",1218,1351,2
"1555",254,1260,2
"1556",1135,1957,2
"1557",361,1393,2
"1558",649,1337,2
"1559",402,1337,2
"1560",457,1278,2
"1561",200,1337,2
"1562",1069,1922,2
"1563",1185,1283,2
"1564",659,1337,2
"1565",954,1642,2
"1566",935,1343,2
"1567",345,1337,2
"1568",791,1337,2
"1569",61,1348,2
"1570",671,1829,2
"1571",865,1895,2
"1572",86,1259,2
"1573",62,1348,2
"1574",411,1239,2
"1575",1126,1239,2
"1576",1108,1413,2
"1577",918,1349,2
"1578",666,1337,2
"1579",61,1349,2
"1580",327,1430,2
"1581",763,1249,2
"1582",239,1249,2
"1583",959,1478,2
"1584",307,1386,2
"1585",931,1328,2
"1586",496,1337,2
"1587",918,1341,2
"1588",1031,1923,2
"1589",381,1321,2
"1590",969,1321,2
"1591",254,1261,2
"1592",125,1341,2
"1593",1122,1321,2
"1594",1218,1739,2
"1595",413,1349,2
"1596",744,1336,2
"1597",832,1349,2
"1598",733,1349,2
"1599",1176,1736,2
"1600",596,1341,2
"1601",879,1278,2
"1602",652,1336,2
"1603",673,1663,2
"1604",125,1391,2
"1605",1197,1272,2
"1606",1108,1412,2
"1607",1116,1953,2
"1608",84,1304,2
"1609",1210,2034,2
"1610",458,1236,2
"1611",797,1304,2
"1612",1197,1266,2
"1613",1181,1541,2
"1614",1095,1341,2
"1615",254,1321,2
"1616",306,1336,2
"1617",791,1341,2
"1618",101,1336,2
"1619",1190,1938,2
"1620",1156,1335,2
"1621",657,1321,2
"1622",1075,1321,2
"1623",710,1321,2
"1624",1048,1389,2
"1625",1111,1410,2
"1626",254,1390,2
"1627",1169,1335,2
"1628",841,1385,2
"1629",729,1472,2
"1630",1068,1390,2
"1631",659,1393,2
"1632",427,1410,2
"1633",1090,1385,2
"1634",716,1390,2
"1635",576,1260,2
"1636",293,1336,2
"1637",913,1306,2
"1638",201,1385,2
"1639",62,1347,2
"1640",1204,1499,2
"1641",710,1389,2
"1642",683,1832,2
"1643",686,1837,2
"1644",1035,1832,2
"1645",1108,1522,2
"1646",791,1389,2
"1647",894,1351,2
"1648",61,1388,2
"1649",155,1259,2
"1650",61,1393,2
"1651",992,1235,2
"1652",916,1347,2
"1653",1103,1335,2
"1654",1138,1385,2
"1655",239,1246,2
"1656",223,1425,2
"1657",488,1246,2
"1658",192,1555,2
"1659",1218,1385,2
"1660",149,1278,2
"1661",444,1246,2
"1662",254,1385,2
"1663",1013,1291,2
"1664",943,1385,2
"1665",125,1385,2
"1666",415,1385,2
"1667",626,1813,2
"1668",512,1432,2
"1669",652,1349,2
"1670",143,1393,2
"1671",180,1341,2
"1672",115,1472,2
"1673",164,1531,2
"1674",1138,1348,2
"1675",918,1351,2
"1676",894,1385,2
"1677",716,1393,2
"1678",918,1348,2
"1679",239,1288,2
"1680",791,1393,2
"1681",118,1348,2
"1682",674,1288,2
"1683",1009,1321,2
"1684",675,1722,2
"1685",504,1414,2
"1686",770,1722,2
"1687",460,1239,2
"1688",123,1321,2
"1689",118,1321,2
"1690",762,1321,2
"1691",1022,1239,2
"1692",665,1288,2
"1693",1145,1278,2
"1694",675,1288,2
"1695",427,1413,2
"1696",572,1783,2
"1697",170,1386,2
"1698",1218,1391,2
"1699",372,1321,2
"1700",286,1567,2
"1701",1110,1413,2
"1702",1055,1238,2
"1703",904,1903,2
"1704",894,1345,2
"1705",841,1345,2
"1706",1178,1341,2
"1707",601,1321,2
"1708",177,1321,2
"1709",649,1351,2
"1710",921,1321,2
"1711",1050,1590,2
"1712",1181,1242,2
"1713",935,1336,2
"1714",666,1336,2
"1715",626,1341,2
"1716",148,1341,2
"1717",1177,1295,2
"1718",440,1287,2
"1719",60,1341,2
"1720",375,1386,2
"1721",1111,1524,2
"1722",274,1341,2
"1723",1176,1268,2
"1724",1138,1391,2
"1725",716,1321,2
"1726",844,1341,2
"1727",1113,1524,2
"1728",266,1341,2
"1729",1107,1384,2
"1730",894,1336,2
"1731",596,1321,2
"1732",239,1248,2
"1733",1007,1341,2
"1734",842,1336,2
"1735",304,1622,2
"1736",254,1391,2
"1737",918,1336,2
"1738",254,1392,2
"1739",260,1567,2
"1740",786,1525,2
"1741",1018,1351,2
"1742",576,1392,2
"1743",921,1349,2
"1744",659,1341,2
"1745",710,1387,2
"1746",370,1341,2
"1747",327,1431,2
"1748",1095,1392,2
"1749",648,1249,2
"1750",659,1392,2
"1751",690,1336,2
"1752",501,1351,2
"1753",659,1259,2
"1754",1138,1390,2
"1755",1136,1380,2
"1756",61,1390,2
"1757",894,1388,2
"1758",1110,1410,2
"1759",254,1388,2
"1760",656,1341,2
"1761",987,1354,2
"1762",143,1388,2
"1763",659,1291,2
"1764",953,1285,2
"1765",1103,1380,2
"1766",375,1341,2
"1767",1162,1969,2
"1768",818,1393,2
"1769",61,1389,2
"1770",924,1877,2
"1771",710,1388,2
"1772",710,1392,2
"1773",652,1392,2
"1774",400,1673,2
"1775",1039,1392,2
"1776",733,1388,2
"1777",621,1388,2
"1778",328,1337,2
"1779",1113,1413,2
"1780",918,1285,2
"1781",659,1336,2
"1782",921,1259,2
"1783",1075,1393,2
"1784",1018,1385,2
"1785",61,1392,2
"1786",251,1392,2
"1787",327,1432,2
"1788",1110,1490,2
"1789",844,1385,2
"1790",198,1430,2
"1791",61,1343,2
"1792",369,1392,2
"1793",199,1341,2
"1794",201,1285,2
"1795",921,1350,2
"1796",125,1479,2
"1797",251,1351,2
"1798",903,1771,2
"1799",66,1292,2
"1800",568,1779,2
"1801",716,1348,2
"1802",674,1434,2
"1803",143,1348,2
"1804",969,1392,2
"1805",1208,1259,2
"1806",923,1571,2
"1807",1210,1889,2
"1808",591,1259,2
"1809",123,1259,2
"1810",576,1259,2
"1811",518,1345,2
"1812",410,1703,2
"1813",327,1639,2
"1814",675,1247,2
"1815",596,1259,2
"1816",1138,1345,2
"1817",652,1259,2
"1818",1218,1285,2
"1819",345,1336,2
"1820",254,1259,2
"1821",256,1556,2
"1822",254,1393,2
"1823",287,1525,2
"1824",837,1345,2
"1825",1095,1349,2
"1826",1176,1274,2
"1827",402,1392,2
"1828",665,1390,2
"1829",921,1345,2
"1830",268,1590,2
"1831",1039,1393,2
"1832",1191,1472,2
"1833",1110,1523,2
"1834",254,1337,2
"1835",414,1321,2
"1836",233,1432,2
"1837",1192,1974,2
"1838",382,1341,2
"1839",254,1384,2
"1840",1218,1345,2
"1841",1176,1263,2
"1842",941,1287,2
"1843",420,1706,2
"1844",501,1341,2
"1845",132,1337,2
"1846",61,1336,2
"1847",61,1351,2
"1848",293,1278,2
"1849",716,1336,2
"1850",1197,1264,2
"1851",1176,1265,2
"1852",254,1336,2
"1853",935,1391,2
"1854",251,1384,2
"1855",84,1305,2
"1856",1009,1341,2
"1857",1167,1341,2
"1858",1064,1283,2
"1859",148,1285,2
"1860",393,1341,2
"1861",631,1254,2
"1862",982,1430,2
"1863",916,1385,2
"1864",365,1341,2
"1865",375,1384,2
"1866",522,1341,2
"1867",954,1529,2
"1868",1132,1335,2
"1869",88,1341,2
"1870",591,1321,2
"1871",325,1349,2
"1872",710,1259,2
"1873",1197,1271,2
"1874",125,1343,2
"1875",125,1387,2
"1876",840,1341,2
"1877",1229,1380,2
"1878",1112,1543,2
"1879",675,1434,2
"1880",1138,1347,2
"1881",387,1390,2
"1882",921,1285,2
"1883",361,1260,2
"1884",143,1389,2
"1885",378,1341,2
"1886",1111,1522,2
"1887",876,1278,2
"1888",675,1721,2
"1889",251,1259,2
"1890",128,1259,2
"1891",1156,1380,2
"1892",888,1641,2
"1893",1063,1641,2
"1894",1218,1342,2
"1895",37,1285,2
"1896",844,1336,2
"1897",1138,1285,2
"1898",1203,1633,2
"1899",1039,1321,2
"1900",497,1414,2
"1901",770,1246,2
"1902",578,1431,2
"1903",118,1337,2
"1904",128,1392,2
"1905",771,1246,2
"1906",982,1432,2
"1907",175,1525,2
"1908",201,1321,2
"1909",432,1341,2
"1910",1075,1392,2
"1911",982,1434,2
"1912",440,1283,2
"1913",247,1472,2
"1914",185,1321,2
"1915",125,1351,2
"1916",791,1392,2
"1917",1185,1287,2
"1918",1010,1341,2
"1919",710,1351,2
"1920",982,1288,2
"1921",733,1385,2
"1922",304,1623,2
"1923",941,1283,2
"1924",217,1249,2
"1925",941,1286,2
"1926",198,1434,2
"1927",148,1349,2
"1928",1045,1526,2
"1929",774,1343,2
"1930",201,1337,2
"1931",746,1278,2
"1932",142,1500,2
"1933",1197,1263,2
"1934",476,1288,2
"1935",293,1337,2
"1936",402,1336,2
"1937",429,1501,2
"1938",764,1321,2
"1939",402,1393,2
"1940",1176,1271,2
"1941",937,1597,2
"1942",444,1247,2
"1943",96,1439,2
"1944",764,1249,2
"1945",613,1254,2
"1946",254,1345,2
"1947",836,1341,2
"1948",61,1387,2
"1949",501,1321,2
"1950",596,1260,2
"1951",652,1347,2
"1952",652,1345,2
"1953",716,1345,2
"1954",1095,1393,2
"1955",1111,1513,2
"1956",578,1432,2
"1957",427,1523,2
"1958",716,1392,2
"1959",306,1392,2
"1960",838,1345,2
"1961",492,1341,2
"1962",690,1348,2
"1963",625,1480,2
"1964",1197,1267,2
"1965",185,1341,2
"1966",125,1414,2
"1967",1017,1308,2
"1968",993,1392,2
"1969",894,1348,2
"1970",894,1341,2
"1971",1167,1321,2
"1972",894,1391,2
"1973",1155,1341,2
"1974",125,1392,2
"1975",427,1522,2
"1976",935,1347,2
"1977",125,1393,2
"1978",1110,1522,2
"1979",699,1291,2
"1980",1018,1348,2
"1981",916,1341,2
"1982",818,1392,2
"1983",943,1348,2
"1984",210,1567,2
"1985",818,1321,2
"1986",351,1525,2
"1987",1008,1341,2
"1988",1111,1413,2
"1989",716,1387,2
"1990",361,1392,2
"1991",125,1348,2
"1992",921,1337,2
"1993",375,1336,2
"1994",444,1721,2
"1995",794,1259,2
"1996",375,1285,2
"1997",839,1341,2
"1998",143,1345,2
"1999",997,1286,2
"2000",452,1414,2
"2001",1192,1889,2
"2002",228,1392,2
"2003",744,1278,2
"2004",19,1288,2
"2005",596,1392,2
"2006",129,1341,2
"2007",325,1336,2
"2008",160,1388,2
"2009",954,1623,2
"2010",444,1722,2
"2011",402,1321,2
"2012",124,1288,2
"2013",501,1348,2
"2014",19,1259,2
"2015",1218,1348,2
"2016",1081,1392,2
"2017",488,1247,2
"2018",833,1659,2
"2019",283,1292,2
"2020",1177,1662,2
"2021",1185,1286,2
"2022",1095,1321,2
"2023",370,1336,2
"2024",771,1722,2
"2025",288,1386,2
"2026",674,1430,2
"2027",158,1321,2
"2028",501,1337,2
"2029",201,1336,2
"2030",125,1388,2
"2031",251,1321,2
"2032",177,1392,2
"2033",716,1343,2
"2034",711,1321,2
"2035",675,1246,2
"2036",1204,2031,2
"2037",1048,1337,2
"2038",969,1259,2
"2039",251,1291,2
"2040",289,1336,2
"2041",710,1349,2
"2042",158,1392,2
"2043",698,1286,2
"2044",553,1292,2
"2045",296,1485,2
"2046",607,1341,2
"2047",986,1341,2
"2048",335,1641,2
"2049",327,1434,2
"2050",151,1392,2
"2051",143,1390,2
"2052",867,1896,2
"2053",932,1418,2
"2054",1098,1349,2
"2055",689,1249,2
"2056",997,1283,2
"2057",833,1883,2
"2058",148,1509,2
"2059",525,1341,2
"2060",965,1509,2
"2061",1039,1259,2
"2062",1131,1337,2
"2063",384,1348,2
"2064",375,1389,2
"2065",496,1336,2
"2066",1096,1349,2
"2067",488,1288,2
"2068",1090,1351,2
"2069",143,1350,2
"2070",254,1343,2
"2071",63,1348,2
"2072",61,1341,2
"2073",251,1345,2
"2074",1208,1392,2
"2075",143,1392,2
"2076",569,1370,2
"2077",118,1392,2
"2078",161,1288,2
"2079",1011,1414,2
"2080",418,1392,2
"2081",201,1285,7
"2082",170,1351,7
"2083",310,1350,7
"2084",659,1350,7
"2085",37,1336,7
"2086",370,1260,7
"2087",254,1266,7
"2088",254,1268,7
"2089",200,1349,7
"2090",254,1261,7
"2091",918,1387,7
"2092",254,1479,7
"2093",118,1278,7
"2094",274,1260,7
"2095",501,1385,7
"2096",274,1393,7
"2097",501,1285,7
"2098",562,1350,7
"2099",918,1386,7
"2100",918,1383,7
"2101",659,1351,7
"2102",37,1260,7
"2103",170,1479,7
"2104",170,1284,7
"2105",198,1260,7
"2106",148,1347,7
"2107",367,1337,7
"2108",370,1392,7
"2109",652,1479,7
"2110",148,1336,7
"2111",370,1278,7
"2112",578,1430,7
"2113",1153,1495,7
"2114",274,1386,7
"2115",392,1498,7
"2116",148,1384,7
"2117",198,1321,7
"2118",200,1350,7
"2119",254,1274,7
"2120",201,1391,7
"2121",780,1573,7
"2122",148,1383,7
"2123",370,1390,7
"2124",146,1327,7
"2125",254,1269,7
"2126",170,1383,7
"2127",170,1390,7
"2128",810,1573,7
"2129",254,1272,7
"2130",537,1345,7
"2131",274,1392,7
"2132",988,1580,7
"2133",198,1393,7
"2134",148,1291,7
"2135",918,1479,7
"2136",118,1342,7
"2137",170,1348,7
"2138",682,1573,7
"2139",170,1414,7
"2140",170,1259,7
"2141",148,1278,7
"2142",170,1389,7
"2143",63,1291,7
"2144",274,1321,7
"2145",148,1348,7
"2146",584,1796,7
"2147",170,1260,7
"2148",148,1386,7
"2149",659,1345,7
"2150",254,1271,7
"2151",370,1393,7
"2152",148,1336,7
"2153",170,1350,7
"2154",501,1384,7
"2155",62,1346,7
"2156",170,1342,7
"2157",201,1384,7
"2158",63,1336,7
"2159",370,1353,7
"2160",63,1278,7
"2161",148,1337,7
"2162",1153,1910,7
"2163",274,1259,7
"2164",170,1393,7
"2165",443,1720,7
"2166",170,1343,7
"2167",148,1284,7
"2168",170,1336,7
"2169",370,1342,7
"2170",659,1349,7
"2171",254,1270,7
"2172",170,1341,7
"2173",254,1383,7
"2174",37,1341,7
"2175",170,1346,7
"2176",254,1267,7
"2177",980,1440,7
"2178",254,1264,7
"2179",370,1386,7
"2180",274,1387,7
"2181",1220,2040,7
"2182",198,1238,7
"2183",198,1392,7
"2184",170,1238,7
"2185",254,1265,7
"2186",1217,2038,7
"2187",1101,1796,7
"2188",918,1388,7
"2189",569,1399,7
"2190",918,1344,7
"2191",1207,1948,7
"2192",370,1291,7
"2193",659,1384,7
"2194",254,1262,7
"2195",118,1343,7
"2196",170,1387,7
"2197",370,1387,7
"2198",659,1285,7
"2199",145,1440,7
"2200",254,1263,7
"2201",118,1479,7
"2202",170,1345,7
"2203",1146,1440,7
"2204",118,1291,7
"2205",721,1370,7
"2206",170,1349,7
"2207",170,1321,7
"2208",198,1259,7
"2209",170,1387,7
"2210",201,1386,7
"2211",175,1541,7
"2212",170,1388,7
"2213",118,1285,7
"2214",170,1386,7
"2215",1217,2039,7
"2216",170,1278,7
"2217",118,1353,7
"2218",148,1238,7
"2219",502,1350,7
"2220",1153,1963,7
"2221",251,1480,7
"2222",1220,2041,7
"2223",63,1337,7
"2224",170,1391,7
"2225",148,1351,7
"2226",62,1343,7
"2227",62,1344,7
"2228",148,1387,7
"2229",170,1392,7
"2230",918,1391,7
"2231",370,1259,7
"2232",251,1391,7
"2233",988,1456,7
"2234",93,1383,7
"2235",1217,2037,7
"2236",254,1276,7
"2237",635,1359,7
"2238",918,1347,7
"2239",254,1273,7
"2240",201,1387,7
"2241",537,1348,7
"2242",118,1283,7
"2243",853,1889,7
"2244",652,1391,7
"2245",254,1275,7
"2246",370,1321,7
"2247",1030,1924,7
"2248",93,1435,11
"2249",93,1433,11
"2250",1228,1523,11
"2251",1151,1435,11
"2252",560,1359,11
"2253",1228,1543,11
"2254",936,1324,11
"2255",1115,1413,11
"2256",118,1414,11
"2257",1115,1522,11
"2258",560,1358,11
"2259",1228,1490,11
"2260",1115,1412,11
"2261",1151,1430,11
"2262",1228,1542,11
"2263",436,1359,11
"2264",1218,1384,11
"2265",1228,1410,11
"2266",1228,1450,11
"2267",1115,1543,11
"2268",1115,1411,11
"2269",1115,1410,11
"2270",1218,1388,11
"2271",1115,1523,11
"2272",1151,1432,11
"2273",1151,1433,11
"2274",936,1282,11
"2275",1115,1450,11
"2276",936,1423,11
"2277",1151,1434,11
"2278",918,1345,11
"2279",1228,1522,11
"2280",1151,1288,11
"2281",1115,1524,11
"2282",93,1434,11
"2283",1151,1431,11
"2284",436,1358,11
"2285",1228,1524,11
"2286",93,1432,11
"2287",1228,1412,11
"2288",1228,1413,11
"2289",1228,1411,11
"2290",93,1430,11
"2291",1115,1490,11
"2292",93,1288,11
"2293",93,1431,11
"2294",671,1801,5
"2295",634,1358,5
"2296",44,1359,5
"2297",672,1284,5
"2298",653,1824,5
"2299",671,1612,5
"2300",144,1503,5
"2301",48,1362,5
"2302",550,1700,5
"2303",870,1284,5
"2304",593,1801,5
"2305",653,1709,5
"2306",420,1708,5
"2307",584,1798,5
"2308",320,1637,5
"2309",584,1795,5
"2310",427,1714,5
"2311",102,1444,5
"2312",280,1290,5
"2313",611,1306,5
"2314",449,1727,5
"2315",537,1383,5
"2316",816,1875,5
"2317",493,1358,5
"2318",20,1290,5
"2319",565,1776,5
"2320",186,1549,5
"2321",187,1551,5
"2322",782,1359,5
"2323",135,1352,5
"2324",671,1382,5
"2325",564,1549,5
"2326",379,1662,5
"2327",683,1478,5
"2328",581,1793,5
"2329",611,1310,5
"2330",427,1715,5
"2331",584,1797,5
"2332",717,1845,5
"2333",671,1602,5
"2334",57,1378,5
"2335",122,1488,5
"2336",611,1309,5
"2337",611,1311,5
"2338",135,1380,5
"2339",168,1536,5
"2340",671,1830,5
"2341",775,1327,0
"2342",29,1327,0
"2343",416,1705,0
"2344",612,1327,0
"2345",970,1327,0
"2346",536,1758,0
"2347",75,1408,0
"2348",1203,2028,0
"2349",957,1625,0
"2350",1207,1625,0
"2351",1038,1625,0
"2352",1041,1625,0
"2353",1062,1356,0
"2354",1203,1625,0
"2355",882,1625,0
"2356",304,1625,0
"2357",650,1356,0
"2358",263,1587,0
"2359",527,1587,0
"2360",220,1356,0
"2361",896,1356,0
"2362",192,1356,0
"2363",265,1321,0
"2364",424,1712,0
"2365",693,1356,0
"2366",925,1755,0
"2367",545,1356,0
"2368",191,1356,0
"2369",679,1356,0
"2370",864,1356,0
"2371",524,1356,0
"2372",175,1515,0
"2373",154,1515,0
"2374",121,1483,0
"2375",1203,1528,0
"2376",958,1528,0
"2377",1077,1528,0
"2378",1076,1528,0
"2379",734,1528,0
"2380",750,1314,0
"2381",1038,1528,0
"2382",975,1410,0
"2383",328,1410,0
"2384",162,1410,0
"2385",72,1314,0
"2386",175,1410,0
"2387",585,1410,0
"2388",339,1406,0
"2389",75,1406,0
"2390",166,1410,0
"2391",509,1406,0
"2392",126,1291,0
"2393",125,1291,0
"2394",154,1410,0
"2395",1081,1410,0
"2396",566,1410,0
"2397",1045,1526,0
"2398",1203,1526,0
"2399",630,1410,0
"2400",12,1258,0
"2401",130,1451,0
"2402",175,1451,0
"2403",245,1451,0
"2404",872,1451,0
"2405",585,1451,0
"2406",755,1751,0
"2407",1203,1624,0
"2408",297,1367,0
"2409",685,1741,0
"2410",485,1741,0
"2411",80,1367,0
"2412",175,1450,0
"2413",265,1259,0
"2414",238,1445,0
"2415",957,1914,0
"2416",1203,1914,0
"2417",602,1237,0
"2418",1025,1237,0
"2419",47,1237,0
"2420",317,1237,0
"2421",4,1237,0
"2422",619,1237,0
"2423",617,1237,0
"2424",687,1838,0
"2425",701,1473,0
"2426",594,1473,0
"2427",359,1473,0
"2428",80,1365,0
"2429",654,1365,0
"2430",456,1365,0
"2431",634,1365,0
"2432",685,1365,0
"2433",754,1365,0
"2434",485,1365,0
"2435",154,1365,0
"2436",1148,1365,0
"2437",399,1365,0
"2438",270,1365,0
"2439",187,1365,0
"2440",50,1365,0
"2441",297,1365,0
"2442",352,1365,0
"2443",1203,1987,0
"2444",1203,2002,0
"2445",447,1725,0
"2446",573,1648,0
"2447",343,1648,0
"2448",687,1679,0
"2449",1203,1948,0
"2450",600,1802,0
"2451",574,1788,0
"2452",406,1678,0
"2453",1203,2005,0
"2454",1203,1928,0
"2455",1077,1928,0
"2456",265,1386,0
"2457",586,1800,0
"2458",80,1417,0
"2459",654,1417,0
"2460",560,1767,0
"2461",291,1520,0
"2462",156,1520,0
"2463",484,1452,0
"2464",109,1452,0
"2465",884,1899,0
"2466",1027,1923,0
"2467",1207,1923,0
"2468",1203,1923,0
"2469",560,1358,0
"2470",734,1532,0
"2471",1041,1532,0
"2472",526,1754,0
"2473",328,1358,0
"2474",265,1349,0
"2475",311,1628,0
"2476",603,1628,0
"2477",25,1315,0
"2478",1129,1315,0
"2479",25,1307,0
"2480",112,1467,0
"2481",911,1467,0
"2482",148,1386,0
"2483",328,1524,0
"2484",265,1272,0
"2485",71,1403,0
"2486",731,1803,0
"2487",574,1785,0
"2488",1203,2008,0
"2489",1129,1313,0
"2490",25,1313,0
"2491",1016,1313,0
"2492",114,1471,0
"2493",586,1799,0
"2494",301,1615,0
"2495",262,1585,0
"2496",1066,1930,0
"2497",1203,1930,0
"2498",1187,1930,0
"2499",417,1550,0
"2500",488,1568,0
"2501",270,1550,0
"2502",267,1588,0
"2503",420,1707,0
"2504",187,1550,0
"2505",244,1550,0
"2506",859,1894,0
"2507",359,1553,0
"2508",855,1892,0
"2509",544,1433,0
"2510",424,1713,0
"2511",265,1336,0
"2512",287,1605,0
"2513",1220,1433,0
"2514",406,1683,0
"2515",212,1383,0
"2516",145,1507,0
"2517",296,1612,0
"2518",433,1542,0
"2519",1086,1947,0
"2520",671,1828,0
"2521",291,1607,0
"2522",955,1887,0
"2523",318,1635,0
"2524",1224,2043,0
"2525",205,1563,0
"2526",898,1877,0
"2527",851,1877,0
"2528",924,1877,0
"2529",1029,1877,0
"2530",737,1857,0
"2531",955,1877,0
"2532",875,1897,0
"2533",17,1281,0
"2534",27,1323,0
"2535",336,1556,0
"2536",588,1556,0
"2537",538,1556,0
"2538",397,1556,0
"2539",554,1556,0
"2540",1038,1848,0
"2541",505,1556,0
"2542",561,1772,0
"2543",508,1556,0
"2544",174,1538,0
"2545",125,1353,0
"2546",1081,1939,0
"2547",560,1770,0
"2548",20,1289,0
"2549",467,1340,0
"2550",754,1340,0
"2551",50,1340,0
"2552",480,1340,0
"2553",399,1340,0
"2554",36,1340,0
"2555",485,1465,0
"2556",112,1465,0
"2557",911,1465,0
"2558",1203,1995,0
"2559",1203,1853,0
"2560",1203,1533,0
"2561",1041,1533,0
"2562",1077,1533,0
"2563",1076,1533,0
"2564",1038,1533,0
"2565",164,1533,0
"2566",1041,1927,0
"2567",1076,1927,0
"2568",1076,1926,0
"2569",1077,1926,0
"2570",1038,1926,0
"2571",1041,1926,0
"2572",1203,1926,0
"2573",57,1373,0
"2574",317,1360,0
"2575",1203,1992,0
"2576",1203,1534,0
"2577",1077,1534,0
"2578",1212,1233,0
"2579",734,1534,0
"2580",1076,1534,0
"2581",1038,1534,0
"2582",164,1534,0
"2583",952,1534,0
"2584",958,1534,0
"2585",89,1426,0
"2586",1043,1724,0
"2587",447,1724,0
"2588",265,1268,0
"2589",1105,1724,0
"2590",125,1278,0
"2591",896,1665,0
"2592",571,1665,0
"2593",1168,1665,0
"2594",390,1665,0
"2595",787,1573,0
"2596",911,1415,0
"2597",125,1265,0
"2598",1004,1521,0
"2599",391,1521,0
"2600",159,1521,0
"2601",261,1521,0
"2602",1038,1475,0
"2603",164,1527,0
"2604",1203,1475,0
"2605",1203,1527,0
"2606",125,1261,0
"2607",586,1583,0
"2608",265,1261,0
"2609",294,1583,0
"2610",1154,1583,0
"2611",259,1583,0
"2612",265,1261,0
"2613",1203,2009,0
"2614",125,1266,0
"2615",259,1581,0
"2616",265,1266,0
"2617",900,1309,0
"2618",366,1240,0
"2619",463,1240,0
"2620",7,1240,0
"2621",253,1240,0
"2622",766,1240,0
"2623",1150,1240,0
"2624",680,1240,0
"2625",344,1240,0
"2626",224,1240,0
"2627",768,1240,0
"2628",241,1240,0
"2629",687,1240,0
"2630",265,1267,0
"2631",25,1309,0
"2632",25,1306,0
"2633",296,1611,0
"2634",1129,1306,0
"2635",416,1306,0
"2636",797,1306,0
"2637",25,1306,0
"2638",807,1306,0
"2639",84,1306,0
"2640",125,1267,0
"2641",864,1354,0
"2642",847,1306,0
"2643",322,1306,0
"2644",426,1306,0
"2645",900,1306,0
"2646",905,1306,0
"2647",847,1311,0
"2648",207,1354,0
"2649",1040,1399,0
"2650",661,1354,0
"2651",1129,1311,0
"2652",905,1311,0
"2653",322,1311,0
"2654",900,1311,0
"2655",426,1633,0
"2656",661,1355,0
"2657",864,1355,0
"2658",1062,1355,0
"2659",722,1846,0
"2660",291,1609,0
"2661",125,1273,0
"2662",265,1262,0
"2663",220,1355,0
"2664",265,1273,0
"2665",125,1262,0
"2666",720,1664,0
"2667",650,1355,0
"2668",297,1614,0
"2669",112,1282,0
"2670",1081,1942,0
"2671",265,1273,0
"2672",732,1752,0
"2673",498,1752,0
"2674",18,1282,0
"2675",955,1361,0
"2676",681,1282,0
"2677",587,1282,0
"2678",112,1361,0
"2679",751,1282,0
"2680",806,1282,0
"2681",318,1636,0
"2682",483,1740,0
"2683",924,1361,0
"2684",704,1257,0
"2685",12,1257,0
"2686",139,1257,0
"2687",569,1257,0
"2688",539,1257,0
"2689",154,1516,0
"2690",659,1516,0
"2691",274,1413,0
"2692",788,1335,0
"2693",566,1413,0
"2694",154,1413,0
"2695",209,1335,0
"2696",1081,1413,0
"2697",975,1413,0
"2698",1095,1238,0
"2699",889,1238,0
"2700",175,1413,0
"2701",585,1413,0
"2702",265,1263,0
"2703",176,1238,0
"2704",1175,1794,0
"2705",162,1413,0
"2706",328,1413,0
"2707",1047,1238,0
"2708",903,1902,0
"2709",328,1513,0
"2710",78,1413,0
"2711",544,1513,0
"2712",175,1513,0
"2713",691,1513,0
"2714",154,1513,0
"2715",37,1238,0
"2716",175,1409,0
"2717",566,1409,0
"2718",370,1238,0
"2719",166,1409,0
"2720",868,1409,0
"2721",585,1409,0
"2722",73,1405,0
"2723",975,1409,0
"2724",630,1409,0
"2725",154,1409,0
"2726",544,1409,0
"2727",78,1409,0
"2728",480,1738,0
"2729",118,1238,0
"2730",252,1580,0
"2731",679,1580,0
"2732",201,1238,0
"2733",78,1412,0
"2734",447,1602,0
"2735",274,1412,0
"2736",1081,1412,0
"2737",957,1901,0
"2738",166,1412,0
"2739",125,1274,0
"2740",175,1412,0
"2741",154,1412,0
"2742",328,1412,0
"2743",306,1412,0
"2744",585,1412,0
"2745",209,1380,0
"2746",975,1412,0
"2747",630,1412,0
"2748",297,1366,0
"2749",187,1366,0
"2750",399,1366,0
"2751",685,1366,0
"2752",160,1366,0
"2753",1148,1366,0
"2754",456,1366,0
"2755",50,1366,0
"2756",485,1366,0
"2757",634,1366,0
"2758",80,1366,0
"2759",352,1366,0
"2760",754,1366,0
"2761",270,1366,0
"2762",265,1387,0
"2763",654,1366,0
"2764",685,1367,0
"2765",456,1367,0
"2766",50,1367,0
"2767",148,1387,0
"2768",654,1367,0
"2769",270,1367,0
"2770",1148,1367,0
"2771",187,1367,0
"2772",758,1449,0
"2773",399,1367,0
"2774",352,1367,0
"2775",861,1449,0
"2776",759,1420,0
"2777",106,1420,0
"2778",81,1420,0
"2779",1081,1450,0
"2780",328,1450,0
"2781",162,1450,0
"2782",485,1664,0
"2783",70,1402,0
"2784",747,1402,0
"2785",845,1664,0
"2786",670,1664,0
"2787",849,1886,0
"2788",649,1820,0
"2789",385,1664,0
"2790",809,1626,0
"2791",596,1626,0
"2792",952,1913,0
"2793",630,1626,0
"2794",433,1626,0
"2795",445,1626,0
"2796",307,1626,0
"2797",621,1626,0
"2798",189,1447,0
"2799",954,1530,0
"2800",496,1626,0
"2801",429,1626,0
"2802",429,1717,0
"2803",1041,1530,0
"2804",800,1419,0
"2805",1207,1530,0
"2806",734,1530,0
"2807",1203,1623,0
"2808",759,1419,0
"2809",1101,1732,0
"2810",584,1732,0
"2811",406,1682,0
"2812",757,1419,0
"2813",406,1679,0
"2814",226,1572,0
"2815",303,1401,0
"2816",561,1401,0
"2817",726,1850,0
"2818",1203,1850,0
"2819",555,1637,0
"2820",580,1617,0
"2821",914,1905,0
"2822",1199,1978,0
"2823",1199,1981,0
"2824",1199,1980,0
"2825",139,1494,0
"2826",148,1384,0
"2827",340,1560,0
"2828",196,1560,0
"2829",516,1560,0
"2830",1105,1950,0
"2831",470,1733,0
"2832",1220,1432,0
"2833",828,1863,0
"2834",854,1891,0
"2835",356,1654,0
"2836",889,1432,0
"2837",237,1573,0
"2838",1203,1532,0
"2839",954,1532,0
"2840",1038,1532,0
"2841",1203,2029,0
"2842",550,1443,0
"2843",1076,1532,0
"2844",952,1532,0
"2845",407,1544,0
"2846",1086,1946,0
"2847",945,1803,0
"2848",1081,1524,0
"2849",602,1803,0
"2850",975,1514,0
"2851",154,1514,0
"2852",574,1787,0
"2853",559,1766,0
"2854",428,1716,0
"2855",1198,1711,0
"2856",1216,1711,0
"2857",265,1384,0
"2858",1203,1471,0
"2859",734,1622,0
"2860",125,1275,0
"2861",248,1578,0
"2862",874,1384,0
"2863",1205,1934,0
"2864",1067,1934,0
"2865",547,1553,0
"2866",298,1553,0
"2867",265,1275,0
"2868",189,1553,0
"2869",828,1553,0
"2870",759,1553,0
"2871",380,1383,0
"2872",225,1553,0
"2873",646,1816,0
"2874",748,1816,0
"2875",561,1683,0
"2876",624,1605,0
"2877",687,1683,0
"2878",860,1704,0
"2879",662,1383,0
"2880",1203,2015,0
"2881",1146,1507,0
"2882",641,1507,0
"2883",328,1542,0
"2884",175,1542,0
"2885",265,1385,0
"2886",1207,1856,0
"2887",851,1887,0
"2888",413,1336,0
"2889",898,1887,0
"2890",632,1808,0
"2891",618,1808,0
"2892",1032,1808,0
"2893",311,1627,0
"2894",265,1393,0
"2895",610,1806,0
"2896",239,1577,0
"2897",855,1830,0
"2898",523,1281,0
"2899",1214,1281,0
"2900",568,1646,0
"2901",952,1646,0
"2902",265,1270,0
"2903",1057,1338,0
"2904",1205,1931,0
"2905",1203,1848,0
"2906",573,1784,0
"2907",907,1772,0
"2908",386,1282,0
"2909",484,1282,0
"2910",649,1821,0
"2911",401,1282,0
"2912",175,1523,0
"2913",162,1523,0
"2914",265,1260,0
"2915",1081,1523,0
"2916",87,1424,0
"2917",466,1424,0
"2918",165,1424,0
"2919",311,1424,0
"2920",357,1424,0
"2921",1220,1434,0
"2922",574,1786,0
"2923",866,1292,0
"2924",544,1434,0
"2925",1135,1957,0
"2926",1203,1912,0
"2927",1041,1912,0
"2928",1203,1990,0
"2929",337,1642,0
"2930",569,1292,0
"2931",954,1642,0
"2932",453,1489,0
"2933",1203,1922,0
"2934",312,1373,0
"2935",738,1373,0
"2936",599,1373,0
"2937",183,1418,0
"2938",1189,1829,0
"2939",919,1382,0
"2940",59,1382,0
"2941",1074,1597,0
"2942",1203,1382,0
"2943",543,1382,0
"2944",956,1597,0
"2945",1211,1597,0
"2946",1212,1597,0
"2947",275,1597,0
"2948",291,1518,0
"2949",734,1529,0
"2950",1077,1529,0
"2951",1041,1529,0
"2952",889,1430,0
"2953",1203,1529,0
"2954",265,1265,0
"2955",265,1265,0
"2956",954,1529,0
"2957",958,1529,0
"2958",83,1356,0
"2959",950,1328,0
"2960",629,1238,0
"2961",480,1573,0
"2962",615,1573,0
"2963",664,1573,0
"2964",406,1689,0
"2965",311,1629,0
"2966",23,1294,0
"2967",16,1280,0
"2968",1045,1527,0
"2969",1199,1979,0
"2970",1038,1527,0
"2971",1203,2007,0
"2972",1203,2004,0
"2973",1203,1986,0
"2974",917,1855,0
"2975",728,1855,0
"2976",426,1305,0
"2977",944,1911,0
"2978",1203,1488,0
"2979",625,1238,0
"2980",1190,1937,0
"2981",1201,1937,0
"2982",1203,1937,0
"2983",312,1371,0
"2984",190,1371,0
"2985",551,1371,0
"2986",57,1371,0
"2987",599,1371,0
"2988",399,1594,0
"2989",265,1269,0
"2990",406,1692,0
"2991",889,1435,0
"2992",1220,1435,0
"2993",871,1411,0
"2994",544,1435,0
"2995",911,1463,0
"2996",112,1463,0
"2997",265,1463,0
"2998",485,1463,0
"2999",415,1557,0
"3000",125,1269,0
"3001",622,1438,0
"3002",256,1557,0
"3003",217,1557,0
"3004",624,1811,0
"3005",296,1613,0
"3006",1000,1438,0
"3007",328,1522,0
"3008",719,1557,0
"3009",1081,1522,0
"3010",175,1522,0
"3011",439,1557,0
"3012",162,1522,0
"3013",1220,1832,0
"3014",847,1310,0
"3015",494,1751,0
"3016",831,1882,0
"3017",59,1335,0
"3018",274,1522,0
"3019",57,1374,0
"3020",752,1860,0
"3021",485,1745,0
"3022",1203,2019,0
"3023",640,1776,0
"3024",328,1324,0
"3025",132,1324,0
"3026",485,1282,0
"3027",153,1282,0
"3028",911,1282,0
"3029",422,1710,0
"3030",1205,2032,0
"3031",86,1282,0
"3032",511,1447,0
"3033",998,1335,0
"3034",379,1282,0
"3035",272,1282,0
"3036",383,1282,0
"3037",809,1282,0
"3038",278,1335,0
"3039",767,1282,0
"3040",519,1335,0
"3041",812,1335,0
"3042",28,1324,0
"3043",296,1335,0
"3044",405,1335,0
"3045",58,1282,0
"3046",484,1324,0
"3047",575,1282,0
"3048",677,1831,0
"3049",540,1335,0
"3050",624,1812,0
"3051",1157,1335,0
"3052",1220,1721,0
"3053",358,1335,0
"3054",981,1335,0
"3055",1101,1335,0
"3056",1220,2042,0
"3057",790,1335,0
"3058",114,1335,0
"3059",138,1492,0
"3060",51,1335,0
"3061",584,1335,0
"3062",410,1335,0
"3063",846,1335,0
"3064",212,1238,0
"3065",1055,1238,0
"3066",131,1238,0
"3067",705,1843,0
"3068",1212,1868,0
"3069",780,1868,0
"3070",918,1238,0
"3071",630,1478,0
"3072",659,1238,0
"3073",19,1238,0
"3074",1070,1238,0
"3075",8,1241,0
"3076",239,1238,0
"3077",537,1238,0
"3078",968,1238,0
"3079",604,1573,0
"3080",929,1238,0
"3081",179,1443,0
"3082",54,1369,0
"3083",561,1241,0
"3084",1199,1241,0
"3085",254,1238,0
"3086",967,1238,0
"3087",325,1238,0
"3088",5,1238,0
"3089",447,1238,0
"3090",385,1663,0
"3091",281,1238,0
"3092",415,1238,0
"3093",249,1356,0
"3094",90,1238,0
"3095",652,1238,0
"3096",566,1412,0
"3097",251,1238,0
"3098",361,1238,0
"3099",676,1238,0
"3100",422,1711,0
"3101",1157,1380,0
"3102",1203,2020,0
"3103",1201,1938,0
"3104",1073,1938,0
"3105",1190,1938,0
"3106",265,1341,0
"3107",485,1742,0
"3108",75,1407,0
"3109",89,1427,0
"3110",381,1427,0
"3111",198,1284,0
"3112",1077,1849,0
"3113",1041,1849,0
"3114",1203,1849,0
"3115",176,1284,0
"3116",548,1441,0
"3117",967,1284,0
"3118",212,1284,0
"3119",99,1441,0
"3120",318,1438,0
"3121",184,1438,0
"3122",1005,1474,0
"3123",96,1438,0
"3124",190,1438,0
"3125",201,1284,0
"3126",676,1284,0
"3127",656,1383,0
"3128",1120,1438,0
"3129",1095,1284,0
"3130",1203,1988,0
"3131",889,1284,0
"3132",52,1284,0
"3133",918,1284,0
"3134",389,1449,0
"3135",106,1449,0
"3136",955,1876,0
"3137",759,1449,0
"3138",757,1449,0
"3139",264,1380,0
"3140",540,1380,0
"3141",405,1380,0
"3142",1203,2023,0
"3143",758,1420,0
"3144",183,1420,0
"3145",979,1402,0
"3146",314,1402,0
"3147",1047,1284,0
"3148",406,1688,0
"3149",559,1402,0
"3150",823,1879,0
"3151",121,1484,0
"3152",932,1447,0
"3153",485,1744,0
"3154",756,1447,0
"3155",800,1447,0
"3156",778,1664,0
"3157",106,1447,0
"3158",824,1447,0
"3159",798,1447,0
"3160",757,1447,0
"3161",758,1447,0
"3162",298,1473,0
"3163",259,1584,0
"3164",81,1419,0
"3165",758,1419,0
"3166",760,1419,0
"3167",183,1419,0
"3168",1203,1809,0
"3169",932,1419,0
"3170",106,1419,0
"3171",343,1649,0
"3172",567,1649,0
"3173",799,1419,0
"3174",861,1419,0
"3175",756,1419,0
"3176",447,1726,0
"3177",824,1419,0
"3178",189,1419,0
"3179",485,1747,0
"3180",696,1703,0
"3181",197,1401,0
"3182",69,1401,0
"3183",301,1617,0
"3184",160,1417,0
"3185",707,1616,0
"3186",580,1616,0
"3187",301,1616,0
"3188",337,1644,0
"3189",1226,1593,0
"3190",133,1490,0
"3191",761,1418,0
"3192",265,1286,0
"3193",175,1490,0
"3194",964,1560,0
"3195",1014,1919,0
"3196",760,1863,0
"3197",44,1358,0
"3198",912,1665,0
"3199",544,1432,0
"3200",398,1356,0
"3201",109,1455,0
"3202",697,1356,0
"3203",102,1443,0
"3204",407,1443,0
"3205",246,1443,0
"3206",71,1404,0
"3207",280,1443,0
"3208",179,1544,0
"3209",306,1307,0
"3210",23,1293,0
"3211",485,1467,0
"3212",489,1749,0
"3213",265,1272,0
"3214",265,1278,0
"3215",1203,1994,0
"3216",911,1469,0
"3217",1081,1551,0
"3218",1133,1345,0
"3219",549,1551,0
"3220",57,1372,0
"3221",1232,1911,0
"3222",1203,1622,0
"3223",485,1464,0
"3224",904,1585,0
"3225",620,1810,0
"3226",281,1383,0
"3227",1173,1781,0
"3228",90,1383,0
"3229",753,1550,0
"3230",629,1383,0
"3231",1005,1553,0
"3232",754,1550,0
"3233",201,1383,0
"3234",633,1411,0
"3235",78,1411,0
"3236",176,1383,0
"3237",939,1496,0
"3238",146,1496,0
"3239",889,1433,0
"3240",676,1383,0
"3241",60,1383,0
"3242",759,1474,0
"3243",306,1410,0
"3244",880,1557,0
"3245",198,1383,0
"3246",756,1862,0
"3247",703,1507,0
"3248",689,1557,0
"3249",637,1557,0
"3250",713,1557,0
"3251",205,1564,0
"3252",1203,1856,0
"3253",554,1557,0
"3254",220,1354,0
"3255",336,1557,0
"3256",898,1876,0
"3257",25,1311,0
"3258",25,1319,0
"3259",337,1645,0
"3260",1203,1645,0
"3261",600,1604,0
"3262",1036,1279,0
"3263",121,1482,0
"3264",865,1482,0
"3265",406,1697,0
"3266",34,1338,0
"3267",1203,1993,0
"3268",789,1335,0
"3269",1067,1931,0
"3270",1220,1431,0
"3271",547,1362,0
"3272",667,1355,0
"3273",978,1335,0
"3274",1003,1335,0
"3275",1141,1472,0
"3276",544,1431,0
"3277",644,1339,0
"3278",35,1339,0
"3279",193,1339,0
"3280",377,1339,0
"3281",909,1339,0
"3282",328,1523,0
"3283",889,1434,0
"3284",1036,1925,0
"3285",28,1326,0
"3286",723,1359,0
"3287",86,1324,0
"3288",877,1552,0
"3289",188,1552,0
"3290",1041,1847,0
"3291",1077,1847,0
"3292",55,1292,0
"3293",283,1292,0
"3294",703,1540,0
"3295",1051,1292,0
"3296",660,1292,0
"3297",22,1292,0
"3298",760,1418,0
"3299",406,1698,0
"3300",106,1418,0
"3301",225,1492,0
"3302",759,1418,0
"3303",758,1418,0
"3304",81,1418,0
"3305",756,1418,0
"3306",410,1702,0
"3307",800,1418,0
"3308",861,1418,0
"3309",824,1418,0
"3310",1220,1430,0
"3311",544,1430,0
"3312",874,1327,0
"3313",189,1418,0
"3314",807,1724,0
"3315",227,1369,0
"3316",478,1369,0
"3317",1203,2006,0
"3318",1203,2017,0
"3319",321,1369,0
"3320",353,1369,0
"3321",290,1490,0
"3322",558,1241,0
"3323",1026,1369,0
"3324",667,1356,0
"3325",410,1241,0
"3326",80,1415,0
"3327",605,1458,0
"3328",112,1458,0
"3329",1203,2016,0
"3330",413,1337,0
"3331",813,1415,0
"3332",1036,1280,0
"3333",112,1415,0
"3334",1203,2003,0
"3335",207,1356,0
"3336",162,1412,0
"3337",1165,1583,0
"3338",1199,1976,0
"3339",673,1663,0
"3340",265,1264,0
"3341",1168,1583,0
"3342",25,1320,0
"3343",1203,2014,0
"3344",265,1305,0
"3345",265,1390,0
"3346",630,1411,0
"3347",566,1411,0
"3348",426,1304,0
"3349",274,1411,0
"3350",265,1304,0
"3351",175,1411,0
"3352",311,1630,0
"3353",603,1630,0
"3354",847,1309,0
"3355",668,1314,0
"3356",53,1314,0
"3357",1129,1309,0
"3358",984,1309,0
"3359",579,1790,0
"3360",1016,1309,0
"3361",291,1606,0
"3362",538,1557,0
"3363",450,1380,0
"3364",658,1826,0
"3365",78,1410,0
"3366",1001,1917,0
"3367",333,1446,0
"3368",194,1557,0
"3369",998,1380,0
"3370",216,1366,0
"3371",148,1388,0
"3372",529,1354,0
"3373",532,1557,0
"3374",632,1815,0
"3375",485,1367,0
"3376",291,1610,0
"3377",508,1557,0
"3378",855,1380,0
"3379",358,1380,0
"3380",667,1354,0
"3381",40,1354,0
"3382",1067,1933,0
"3383",450,1335,0
"3384",231,1335,0
"3385",89,1425,0
"3386",206,1335,0
"3387",121,1335,0
"3388",32,1335,0
"3389",772,1865,0
"3390",860,1335,0
"3391",1043,1335,0
"3392",1226,2044,0
"3393",337,1324,0
"3394",1164,1324,0
"3395",420,1709,0
"3396",485,1543,0
"3397",575,1324,0
"3398",203,1335,0
"3399",76,1362,0
"3400",1227,1335,0
"3401",855,1335,0
"3402",221,1324,0
"3403",403,1676,0
"3404",666,1324,0
"3405",649,1324,0
"3406",826,1335,0
"3407",907,1472,0
"3408",408,1701,0
"3409",216,1335,0
"3410",740,1335,0
"3411",558,1335,0
"3412",112,1379,0
"3413",898,1361,0
"3414",58,1379,0
"3415",156,1519,0
"3416",264,1335,0
"3417",567,1648,0
"3418",553,1763,0
"3419",265,1262,0
"3420",669,1763,0
"3421",824,1492,0
"3422",1081,1940,0
"3423",663,1595,0
"3424",861,1492,0
"3425",406,1687,0
"3426",1207,2033,0
"3427",957,1915,0
"3428",802,1335,0
"3429",1203,1916,0
"3430",485,1746,0
"3431",112,1461,0
"3432",1206,1327,0
"3433",352,1417,0
"3434",309,1369,0
"3435",779,1842,0
"3436",328,1490,0
"3437",767,1452,0
"3438",1137,1369,0
"3439",583,1369,0
"3440",485,1490,0
"3441",1019,1328,0
"3442",406,1691,0
"3443",911,1470,0
"3444",485,1470,0
"3445",51,1241,0
"3446",109,1358,0
"3447",529,1356,0
"3448",347,1356,0
"3449",40,1356,0
"3450",670,1663,0
"3451",157,1356,0
"3452",589,1356,0
"3453",265,1264,0
"3454",415,1663,0
"3455",125,1264,0
"3456",577,1789,0
"3457",125,1268,0
"3458",654,1653,0
"3459",678,1356,0
"3460",341,1647,0
"3461",485,1469,0
"3462",1129,1320,0
"3463",112,1469,0
"3464",1203,2011,0
"3465",901,1901,0
"3466",86,1422,0
"3467",278,1380,0
"3468",1129,1314,0
"3469",25,1314,0
"3470",493,1314,0
"3471",709,1314,0
"3472",807,1314,0
"3473",812,1380,0
"3474",84,1314,0
"3475",905,1314,0
"3476",485,1594,0
"3477",322,1309,0
"3478",410,1380,0
"3479",1016,1314,0
"3480",886,1314,0
"3481",740,1380,0
"3482",789,1380,0
"3483",801,1406,0
"3484",1203,2022,0
"3485",112,1441,0
"3486",225,1474,0
"3487",651,1822,0
"3488",164,1526,0
"3489",1033,1526,0
"3490",625,1383,0
"3491",949,1383,0
"3492",112,1457,0
"3493",1189,1526,0
"3494",788,1380,0
"3495",1046,1856,0
"3496",650,1354,0
"3497",900,1310,0
"3498",1101,1380,0
"3499",905,1310,0
"3500",322,1310,0
"3501",756,1861,0
"3502",441,1719,0
"3503",652,1284,0
"3504",674,1284,0
"3505",370,1284,0
"3506",929,1284,0
"3507",485,1743,0
"3508",105,1445,0
"3509",1203,2024,0
"3510",40,1355,0
"3511",589,1355,0
"3512",148,1284,0
"3513",249,1355,0
"3514",681,1324,0
"3515",627,1362,0
"3516",83,1324,0
"3517",529,1355,0
"3518",1144,1962,0
"3519",125,1271,0
"3520",825,1770,0
"3521",1005,1473,0
"3522",225,1473,0
"3523",542,1760,0
"3524",573,1760,0
"3525",828,1473,0
"3526",772,1864,0
"3527",446,1701,0
"3528",492,1701,0
"3529",423,1316,0
"3530",1194,1809,0
"3531",1203,1530,0
"3532",39,1352,0
"3533",1105,1779,0
"3534",573,1649,0
"3535",954,1623,0
"3536",259,1540,0
"3537",420,1648,0
"3538",785,1500,0
"3539",756,1726,0
"3540",878,1325,0
"3541",65,1395,0
"3542",803,1873,0
"3543",403,1674,0
"3544",318,1595,0
"3545",606,1788,0
"3546",1041,1928,0
"3547",485,1417,0
"3548",304,1620,0
"3549",792,1800,0
"3550",216,1417,0
"3551",703,1582,0
"3552",190,1554,0
"3553",456,1417,0
"3554",85,1233,0
"3555",865,1233,0
"3556",1038,1529,0
"3557",134,1491,0
"3558",118,1478,0
"3559",871,1490,0
"3560",125,1272,0
"3561",94,1436,0
"3562",166,1413,0
"3563",112,1470,0
"3564",579,1792,0
"3565",206,1380,0
"3566",666,1455,0
"3567",59,1241,0
"3568",749,1400,0
"3569",197,1400,0
"3570",1184,1973,0
"3571",69,1400,0
"3572",175,1524,0
"3573",162,1524,0
"3574",566,1307,0
"3575",928,1803,0
"3576",175,1514,0
"3577",1129,1307,0
"3578",942,1341,0
"3579",845,1663,0
"3580",265,1266,0
"3581",352,1653,0
"3582",485,1653,0
"3583",859,1551,0
"3584",1203,1989,0
"3585",1203,2027,0
"3586",1044,1901,0
"3587",1224,2027,0
"3588",911,1464,0
"3589",248,1579,0
"3590",665,1383,0
"3591",572,1781,0
"3592",750,1309,0
"3593",447,1383,0
"3594",905,1309,0
"3595",370,1383,0
"3596",416,1309,0
"3597",231,1380,0
"3598",59,1380,0
"3599",426,1309,0
"3600",265,1276,0
"3601",826,1380,0
"3602",409,1240,0
"3603",337,1643,0
"3604",1203,1569,0
"3605",614,1660,0
"3606",201,1324,0
"3607",790,1380,0
"3608",758,1547,0
"3609",359,1474,0
"3610",298,1474,0
"3611",106,1446,0
"3612",628,1306,0
"3613",758,1548,0
"3614",1062,1354,0
"3615",57,1376,0
"3616",25,1310,0
"3617",802,1380,0
"3618",628,1308,0
"3619",589,1354,0
"3620",25,1308,0
"3621",1129,1308,0
"3622",249,1354,0
"3623",854,1890,0
"3624",1203,1984,0
"3625",106,1448,0
"3626",1121,1954,0
"3627",125,1270,0
"3628",16,1279,0
"3629",889,1431,0
"3630",406,1696,0
"3631",968,1284,0
"3632",537,1284,0
"3633",1216,1355,0
"3634",1203,2012,0
"3635",359,1362,0
"3636",827,1362,0
"3637",112,1468,0
"3638",485,1468,0
"3639",200,1324,0
"3640",830,1362,0
"3641",569,1324,0
"3642",772,1866,0
"3643",216,1569,0
"3644",609,1441,0
"3645",471,1441,0
"3646",579,1792,0
"3647",376,1660,0
"3648",856,1340,0
"3649",111,1340,0
"3650",734,1531,0
"3651",606,1805,0
"3652",373,1359,0
"3653",639,1359,0
"3654",1076,1912,0
"3655",641,1540,0
"3656",334,1359,0
"3657",265,1392,0
"3658",1077,1912,0
"3659",889,1288,0
"3660",679,1500,0
"3661",142,1500,0
"3662",1203,2010,0
"3663",252,1500,0
"3664",118,1345,0
"3665",572,1782,0
"3666",1000,1595,0
"3667",1168,1971,0
"3668",289,1454,0
"3669",606,1804,0
"3670",410,1382,0
"3671",799,1418,0
"3672",406,1699,0
"3673",963,1233,0
"3674",0,1233,0
"3675",572,1780,0
"3676",265,1263,0
"3677",655,1825,0
"3678",700,1842,0
"3679",1203,2030,0
"3680",125,1263,0
"3681",1076,1529,0
"3682",1139,1880,0
"3683",1125,1956,0
"3684",289,1324,0
"3685",621,1324,0
"3686",1046,1472,0
"3687",265,1271,0
"3688",356,1369,0
"3689",103,1369,0
"3690",1203,1241,0
"3691",1203,2025,0
"3692",403,1458,0
"3693",636,1415,0
"3694",57,1375,0
"3695",804,1874,0
"3696",304,1621,0
"3697",485,1415,0
"3698",955,1457,0
"3699",1199,1977,0
"3700",527,1308,0
"3701",911,1466,0
"3702",571,1666,0
"3703",720,1663,0
"3704",1200,1782,0
"3705",646,1595,0
"3706",1067,1881,0
"3707",207,1355,0
"3708",697,1355,0
"3709",1203,2026,0
"3710",112,1464,0
"3711",84,1309,0
"3712",1073,1937,0
"3713",484,1453,0
"3714",527,1309,0
"3715",978,1380,0
"3716",270,1594,0
"3717",662,1284,0
"3718",485,1411,0
"3719",585,1411,0
"3720",114,1380,0
"3721",361,1284,0
"3722",924,1888,0
"3723",265,1274,0
"3724",1082,1413,0
"3725",1203,2000,0
"3726",125,1276,0
"3727",1203,1996,0
"3728",1203,1316,0
"3729",118,1284,0
"3730",251,1284,0
"3731",981,1380,0
"3732",558,1380,0
"3733",526,1753,0
"3734",116,1474,0
"3735",1227,1380,0
"3736",1199,1975,0
"3737",189,1548,0
"3738",1203,1476,0
"3739",1205,1932,0
"3740",112,1460,0
"3741",1129,1310,0
"3742",544,1288,0
"3743",629,1284,0
"3744",90,1284,0
"3745",42,1357,0
"3746",487,1359,0
"3747",737,1674,0
"3748",785,1456,0
"3749",1203,1999,0
"3750",1129,1312,0
"3751",848,1715,0
"3752",885,1425,0
"3753",633,1324,0
"3754",223,1425,0
"3755",1203,1997,0
"3756",1203,1644,0
"3757",274,1490,0
"3758",911,1468,0
"3759",757,1418,0
"3760",406,1695,0
"3761",1061,1827,0
"3762",27,1322,0
"3763",451,1316,0
"3764",131,1284,0
"3765",1203,1472,0
"3766",1203,1913,0
"3767",674,1441,0
"3768",527,1316,0
"3769",1207,1472,0
"3770",109,1324,0
"3771",262,1586,0
"3772",1077,1530,0
"3773",652,1324,0
"3774",1203,1852,0
"3775",472,1257,0
"3776",1038,1623,0
"3777",1220,1288,0
"3778",898,1457,0
"3779",952,1912,0
"3780",726,1851,0
"3781",734,1623,0
"3782",121,1487,0
"3783",1027,1922,0
"3784",1129,1317,0
"3785",1129,1319,0
"3786",118,1477,0
"3787",831,1881,0
"3788",1016,1308,0
"3789",1203,1991,0
"3790",148,1348,0
"3791",109,1454,0
"3792",406,1694,0
"3793",909,1904,0
"3794",1203,1985,0
"3795",203,1380,0
"3796",1081,1941,0
"3797",898,1888,0
"3798",156,1518,0
"3799",1203,1983,0
"3800",501,1284,0
"3801",902,1490,0
"3802",630,1413,0
"3803",1220,1867,0
"3804",511,1362,0
"3805",274,1543,0
"3806",938,1316,0
"3807",344,1650,0
"3808",104,1362,0
"3809",1212,2035,0
"3810",561,1400,0
"3811",289,1455,0
"3812",665,1441,0
"3813",1200,1982,0
"3814",467,1729,0
"3815",306,1409,0
"3816",883,1803,0
"3817",485,1663,0
"3818",1041,1623,0
"3819",1038,1526,0
"3820",254,1284,0
"3821",1067,1932,0
"3822",296,1380,0
"3823",1203,2021,0
"3824",112,1466,0
"3825",423,1317,0
"3826",595,1359,0
"3827",94,1437,0
"3828",955,1888,0
"3829",1172,1922,0
"3830",165,1535,0
"3831",926,1639,0
"3832",201,1422,0
"3833",584,1380,0
"3834",118,1422,0
"3835",1203,2001,0
"3836",57,1377,0
"3837",467,1731,0
"3838",952,1529,0
"3839",406,1693,0
"3840",659,1284,0
"3841",968,1383,0
"3842",447,1284,0
"3843",940,1316,0
"3844",560,1769,0
"3845",1034,1803,0
"3846",430,1362,0
"3847",410,1662,0
"3848",594,1362,0
"3849",1038,1531,0
"3850",328,1543,0
"3851",348,1284,0
"3852",1223,1472,0
"3853",28,1325,0
"3854",291,1608,0
"3855",246,1508,0
"3856",697,1354,0
"3857",519,1380,0
"3858",560,1604,0
"3859",1129,1318,0
"3860",911,1462,0
"3861",957,1847,0
"3862",724,1359,0
"3863",156,1517,0
"3864",390,1666,0
"3865",651,1823,0
"3866",86,1423,0
"3867",1203,1864,0
"3868",669,1827,0
"3869",1081,1944,0
"3870",322,1312,0
"3871",829,1362,0
"3872",239,1284,0
"3873",183,1548,0
"3874",259,1582,0
"3875",485,1462,0
"3876",201,1423,0
"3877",118,1423,0
"3878",632,1814,0
"3879",200,1455,0
"3880",403,1675,0
"3881",25,1318,0
"3882",952,1623,0
"3883",1203,2018,0
"3884",485,1379,0
"3885",172,1537,0
"3886",403,1677,0
"3887",65,1394,0
"3888",1065,1548,0
"3889",84,1316,0
"3890",1195,1472,0
"3891",954,1531,0
"3892",25,1317,0
"3893",291,1517,0
"3894",229,1406,0
"3895",932,1418,0
"3896",44,1352,0
"3897",271,1595,0
"3898",467,1730,0
"3899",911,1379,0
"3900",25,1312,0
"3901",265,1274,0
"3902",1203,1847,0
"3903",291,1519,0
"3904",112,1459,0
"3905",109,1453,0
"3906",112,1462,0
"3907",406,1586,0
"3908",507,1369,0
"3909",1006,1825,0
"3910",1227,1888,0
"3911",891,1415,0
"3912",616,1753,0
"3913",322,1318,0
"3914",851,1361,0
"3915",1213,1592,0
"3916",200,1454,0
"3917",685,1417,0
"3918",462,1369,0
"3919",406,1690,0
"3920",952,1531,0
"3921",175,1543,0
"3922",878,1415,0
"3923",303,1400,0
"3924",1203,1998,0
"3925",1081,1943,0
"3926",543,1761,0
"3927",1081,1566,0
"3928",121,1380,0
"3929",579,1791,0
"3930",1129,1316,0
"3931",1207,1922,0
"3932",851,1888,0
"3933",147,1508,0
"3934",116,1473,0
"3935",183,1547,0
"3936",19,1284,0
"3937",666,1454,0
"3938",590,1362,0
"3939",649,1817,0
"3940",957,1916,0
"3941",828,1474,0
"3942",208,1566,0
"3943",100,1441,0
"3944",416,1316,0
"3945",319,1441,0
"3946",1203,2013,0
"3947",759,1473,0
"3948",705,1324,0
"3949",754,1729,0
"3950",110,1456,0
"3951",639,1352,0
"3952",911,1441,0
"3953",1203,2025,0
"3954",25,1316,0
"3955",406,1686,0
"3956",871,1543,0
"3957",1212,2036,0
"3958",683,1833,0
"3959",1203,1531,0
"3960",27,1316,0
"3961",281,1284,0
"3962",1160,1966,12
"3963",537,1713,12
"3964",1147,1431,12
"3965",1170,1669,12
"3966",1160,1669,12
"3967",181,1545,12
"3968",1170,1966,12
"3969",858,1486,12
"3970",1160,1670,12
"3971",1160,1965,12
"3972",1170,1967,12
"3973",1089,1440,12
"3974",1147,1435,12
"3975",1147,1430,12
"3976",1147,1288,12
"3977",1147,1434,12
"3978",1147,1432,12
"3979",1160,1967,12
"3980",858,1381,12
"3981",1170,1965,12
"3982",919,1908,12
"3983",1147,1433,12
"3984",1170,1670,12
"3985",1070,1278,12
"3986",897,1642,12
"3987",1024,1921,12
"3988",214,1335,13
"3989",336,1250,13
"3990",336,1248,13
"3991",336,1246,13
"3992",792,1640,13
"3993",1092,1949,13
"3994",451,1322,13
"3995",336,1247,13
"3996",792,1235,13
"3997",561,1771,13
"3998",561,1775,13
"3999",451,1323,13
"4000",560,1768,13
"4001",584,1794,13
"4002",1101,1574,13
"4003",250,1396,13
"4004",1028,1440,13
"4005",561,1773,13
"4006",336,1251,13
"4007",1133,1832,13
"4008",863,1396,13
"4009",336,1254,13
"4010",336,1249,13
"4011",1101,1794,13
"4012",1101,1795,13
"4013",336,1253,13
"4014",336,1255,13
"4015",1068,1571,13
"4016",296,1511,13
"4017",336,1256,13
"4018",926,1379,13
"4019",1068,1935,13
"4020",1068,1736,13
"4021",1127,1732,13
"4022",336,1252,13
"4023",561,1774,13
"4024",927,1396,13
"4025",433,1718,13
"4026",726,1853,6
"4027",531,1756,6
"4028",726,1625,6
"4029",726,1852,6
"4030",726,1847,6
"4031",726,1849,6
"4032",25,1305,6
"4033",531,1757,6
"4034",25,1304,6
"4035",304,1532,6
"4036",364,1658,4
"4037",1048,1341,4
"4038",399,1573,4
"4039",683,1834,4
"4040",269,1591,4
"4041",566,1750,4
"4042",782,1352,4
"4043",1158,1964,4
"4044",24,1298,4
"4045",1182,1972,4
"4046",145,1396,4
"4047",533,1333,4
"4048",141,1498,4
"4049",233,1388,4
"4050",277,1345,4
"4051",306,1626,4
"4052",288,1349,4
"4053",649,1772,4
"4054",362,1567,4
"4055",1004,1661,4
"4056",635,1772,4
"4057",301,1618,4
"4058",712,1256,4
"4059",820,1878,4
"4060",393,1669,4
"4061",288,1350,4
"4062",796,1724,4
"4063",710,1346,4
"4064",990,1906,4
"4065",1048,1385,4
"4066",233,1385,4
"4067",210,1241,4
"4068",526,1755,4
"4069",269,1400,4
"4070",361,1385,4
"4071",570,1602,4
"4072",24,1301,4
"4073",288,1351,4
"4074",796,1870,4
"4075",919,1907,4
"4076",370,1350,4
"4077",634,1551,4
"4078",141,1499,4
"4079",822,1415,4
"4080",313,1631,4
"4081",481,1283,4
"4082",659,1278,4
"4083",649,1818,4
"4084",710,1390,4
"4085",820,1396,4
"4086",24,1302,4
"4087",277,1343,4
"4088",481,1343,4
"4089",710,1343,4
"4090",819,1876,4
"4091",213,1568,4
"4092",686,1398,4
"4093",461,1502,4
"4094",328,1238,4
"4095",541,1759,4
"4096",47,1361,4
"4097",710,1391,4
"4098",49,1277,4
"4099",824,1880,4
"4100",475,1277,4
"4101",820,1876,4
"4102",301,1619,4
"4103",820,1877,4
"4104",716,1351,4
"4105",282,1603,4
"4106",370,1349,4
"4107",194,1556,4
"4108",481,1345,4
"4109",1085,1910,4
"4110",927,1570,4
"4111",24,1296,4
"4112",370,1384,4
"4113",990,1875,4
"4114",620,1752,4
"4115",14,1277,4
"4116",1093,1495,4
"4117",313,1632,4
"4118",439,1385,4
"4119",141,1497,4
"4120",710,1342,4
"4121",24,1297,4
"4122",634,1573,4
"4123",276,1602,4
"4124",24,1295,4
"4125",269,1560,4
"4126",141,1496,4
"4127",566,1778,4
"4128",255,1438,4
"4129",796,1871,4
"4130",1085,1495,4
"4131",276,1598,4
"4132",518,1343,4
"4133",24,1300,4
"4134",378,1661,4
"4135",393,1670,4
"4136",838,1260,4
"4137",461,1489,4
"4138",276,1601,4
"4139",317,1634,4
"4140",328,1282,4
"4141",908,1385,4
"4142",24,1303,4
"4143",32,1334,4
"4144",274,1384,4
"4145",276,1600,4
"4146",555,1764,4
"4147",269,1593,4
"4148",446,1723,4
"4149",302,1543,4
"4150",611,1574,4
"4151",238,1575,4
"4152",796,1872,4
"4153",399,1551,4
"4154",1161,1968,4
"4155",24,1299,4
"4156",649,1819,4
"4157",121,1485,4
"4158",857,1893,4
"4159",948,1748,4
"4160",269,1592,4
"4161",638,1233,4
"4162",100,1442,4
"4163",1049,1549,4
"4164",566,1626,4
"4165",852,1236,4
"4166",208,1565,4
"4167",276,1599,4
"4168",775,1284,4
"4169",346,1651,4
"4170",47,1360,4
"4171",575,1752,4
"4172",276,1500,4
"4173",95,1269,3
"4174",167,1275,3
"4175",14,1276,3
"4176",1086,1274,3
"4177",475,1268,3
"4178",694,1275,3
"4179",95,1276,3
"4180",14,1261,3
"4181",475,1275,3
"4182",49,1275,3
"4183",167,1261,3
"4184",327,1276,3
"4185",80,1268,3
"4186",1086,1263,3
"4187",95,1275,3
"4188",694,1262,3
"4189",327,1272,3
"4190",438,1272,3
"4191",49,1273,3
"4192",167,1274,3
"4193",95,1267,3
"4194",327,1268,3
"4195",683,1274,3
"4196",1086,1276,3
"4197",327,1275,3
"4198",80,1267,3
"4199",167,1268,3
"4200",694,1274,3
"4201",14,1269,3
"4202",49,1268,3
"4203",438,1274,3
"4204",167,1270,3
"4205",438,1275,3
"4206",95,1262,3
"4207",80,1262,3
"4208",80,1273,3
"4209",1086,1261,3
"4210",694,1271,3
"4211",475,1273,3
"4212",80,1269,3
"4213",167,1273,3
"4214",1086,1267,3
"4215",694,1276,3
"4216",475,1272,3
"4217",438,1261,3
"4218",327,1263,3
"4219",327,1267,3
"4220",80,1266,3
"4221",694,1273,3
"4222",694,1268,3
"4223",694,1272,3
"4224",475,1262,3
"4225",14,1268,3
"4226",438,1267,3
"4227",327,1266,3
"4228",80,1272,3
"4229",683,1276,3
"4230",327,1273,3
"4231",694,1265,3
"4232",683,1263,3
"4233",694,1269,3
"4234",475,1270,3
"4235",475,1274,3
"4236",1086,1265,3
"4237",475,1266,3
"4238",80,1270,3
"4239",683,1265,3
"4240",475,1269,3
"4241",1086,1275,3
"4242",1086,1273,3
"4243",327,1269,3
"4244",1230,1262,3
"4245",694,1261,3
"4246",1086,1269,3
"4247",1086,1272,3
"4248",95,1268,3
"4249",80,1261,3
"4250",80,1271,3
"4251",683,1268,3
"4252",14,1263,3
"4253",475,1263,3
"4254",14,1266,3
"4255",49,1261,3
"4256",694,1263,3
"4257",438,1276,3
"4258",475,1265,3
"4259",683,1261,3
"4260",475,1267,3
"4261",167,1276,3
"4262",80,1264,3
"4263",475,1261,3
"4264",80,1274,3
"4265",95,1263,3
"4266",14,1267,3
"4267",1230,1263,3
"4268",683,1275,3
"4269",438,1268,3
"4270",683,1267,3
"4271",95,1266,3
"4272",475,1276,3
"4273",80,1275,3
"4274",694,1266,3
"4275",95,1270,3
"4276",14,1262,3
"4277",80,1276,3
"4278",49,1262,3
"4279",1086,1262,3
"4280",49,1263,3
"4281",49,1271,3
"4282",683,1269,3
"4283",438,1269,3
"4284",438,1263,3
"4285",14,1272,3
"4286",49,1267,3
"4287",475,1264,3
"4288",683,1266,3
"4289",14,1273,3
"4290",327,1262,3
"4291",167,1267,3
"4292",14,1265,3
"4293",167,1263,3
"4294",95,1271,3
"4295",14,1264,3
"4296",1230,1261,3
"4297",1230,1265,3
"4298",327,1265,3
"4299",167,1266,3
"4300",683,1272,3
"4301",49,1276,3
"4302",683,1264,3
"4303",438,1264,3
"4304",1086,1270,3
"4305",327,1270,3
"4306",80,1263,3
"4307",683,1262,3
"4308",49,1272,3
"4309",167,1264,3
"4310",49,1265,3
"4311",1086,1264,3
"4312",95,1261,3
"4313",49,1264,3
"4314",95,1265,3
"4315",694,1270,3
"4316",80,1265,3
"4317",1086,1271,3
"4318",1086,1268,3
"4319",14,1270,3
"4320",438,1266,3
"4321",49,1274,3
"4322",438,1265,3
"4323",167,1265,3
"4324",14,1275,3
"4325",683,1271,3
"4326",49,1269,3
"4327",683,1273,3
"4328",475,1271,3
"4329",683,1270,3
"4330",438,1270,3
"4331",1086,1266,3
"4332",694,1267,3
"4333",167,1269,3
"4334",438,1262,3
"4335",327,1261,3
"4336",438,1273,3
"4337",95,1264,3
"4338",327,1264,3
"4339",327,1274,3
"4340",49,1266,3
"4341",1230,1273,3
"4342",167,1271,3
"4343",438,1271,3
"4344",167,1262,3
"4345",95,1273,3
"4346",694,1264,3
"4347",167,1272,3
"4348",14,1274,3
"4349",49,1270,3
"4350",95,1272,3
"4351",14,1271,3
"4352",327,1271,3
"4353",95,1274,3
"4354",444,1265,8
"4355",817,1272,8
"4356",821,1261,8
"4357",444,1266,8
"4358",49,1264,8
"4359",49,1363,8
"4360",475,1273,8
"4361",475,1265,8
"4362",438,1267,8
"4363",770,1264,8
"4364",438,1363,8
"4365",821,1272,8
"4366",822,1268,8
"4367",438,1261,8
"4368",821,1268,8
"4369",257,1269,8
"4370",771,1263,8
"4371",49,1262,8
"4372",475,1364,8
"4373",275,1596,8
"4374",257,1364,8
"4375",444,1262,8
"4376",49,1270,8
"4377",438,1265,8
"4378",1068,1936,8
"4379",821,1270,8
"4380",821,1262,8
"4381",822,1276,8
"4382",822,1363,8
"4383",475,1269,8
"4384",822,1270,8
"4385",438,1364,8
"4386",257,1275,8
"4387",438,1274,8
"4388",475,1270,8
"4389",475,1263,8
"4390",822,1262,8
"4391",475,1262,8
"4392",438,1268,8
"4393",49,1275,8
"4394",771,1266,8
"4395",49,1268,8
"4396",257,1272,8
"4397",475,1261,8
"4398",817,1267,8
"4399",438,1272,8
"4400",257,1262,8
"4401",822,1271,8
"4402",49,1265,8
"4403",821,1265,8
"4404",475,1363,8
"4405",822,1275,8
"4406",822,1265,8
"4407",822,1269,8
"4408",49,1261,8
"4409",444,1261,8
"4410",49,1271,8
"4411",49,1266,8
"4412",821,1274,8
"4413",407,1700,8
"4414",257,1261,8
"4415",822,1261,8
"4416",821,1364,8
"4417",822,1274,8
"4418",822,1264,8
"4419",688,1265,8
"4420",438,1263,8
"4421",767,1261,8
"4422",821,1263,8
"4423",821,1273,8
"4424",257,1265,8
"4425",438,1271,8
"4426",767,1262,8
"4427",817,1261,8
"4428",821,1275,8
"4429",475,1272,8
"4430",49,1274,8
"4431",822,1364,8
"4432",817,1271,8
"4433",257,1363,8
"4434",771,1261,8
"4435",438,1273,8
"4436",770,1265,8
"4437",675,1261,8
"4438",49,1364,8
"4439",475,1271,8
"4440",770,1263,8
"4441",257,1270,8
"4442",438,1275,8
"4443",438,1276,8
"4444",438,1270,8
"4445",822,1266,8
"4446",688,1261,8
"4447",475,1276,8
"4448",49,1267,8
"4449",688,1262,8
"4450",49,1276,8
"4451",438,1264,8
"4452",49,1263,8
"4453",821,1267,8
"4454",438,1266,8
"4455",138,1493,8
"4456",257,1267,8
"4457",822,1263,8
"4458",257,1271,8
"4459",821,1363,8
"4460",49,1272,8
"4461",257,1263,8
"4462",49,1273,8
"4463",257,1268,8
"4464",770,1266,8
"4465",822,1267,8
"4466",817,1270,8
"4467",821,1271,8
"4468",438,1269,8
"4469",771,1265,8
"4470",475,1264,8
"4471",475,1274,8
"4472",770,1261,8
"4473",475,1266,8
"4474",770,1262,8
"4475",772,1867,8
"4476",444,1263,8
"4477",1021,1732,8
"4478",257,1273,8
"4479",475,1275,8
"4480",438,1262,8
"4481",771,1264,8
"4482",127,1489,8
"4483",493,1750,8
"4484",49,1269,8
"4485",178,1261,8
"4486",822,1273,8
"4487",257,1274,8
"4488",475,1267,8
"4489",688,1263,8
"4490",821,1269,8
"4491",444,1264,8
"4492",822,1272,8
"4493",167,1261,8
"4494",771,1262,8
"4495",475,1268,8
"4496",173,1342,9
"4497",1231,1511,9
"4498",173,1345,9
"4499",634,1550,9
"4500",683,1835,9
"4501",320,1638,9
"4502",173,1387,9
"4503",384,1349,9
"4504",173,1386,9
"4505",173,1350,9
"4506",362,1657,9
"4507",51,1368,9
"4508",173,1285,9
"4509",173,1351,9
"4510",384,1336,9
"4511",173,1385,9
"4512",911,1839,9
"4513",596,1336,9
"4514",173,1343,9
"4515",64,1290,9
"4516",1231,1789,9
"4517",173,1347,9
"4518",143,1501,9
